v_inf_over_vesc,dv,c,dv_over_vp,Pi_half_data,Pi_half_theory
0.003738862989483578,0.0005287550747582491,0.00933356871698037,0.0003738836856794382,39.702854682764055,39.54363462367303
0.003738862989483578,0.0005287550747582491,0.018964058278311137,0.0003738836856794382,39.67756574681783,39.54363462367303
0.003738862989483578,0.0005287550747582491,0.03853140393437119,0.0003738836856794382,39.66266949603189,39.54363462367303
0.003738862989483578,0.0005287550747582491,0.07828857448996901,0.0003738836856794382,39.65473914357575,39.54363462367303
0.003738862989483578,0.0005287550747582491,0.15906767648827047,0.0003738836856794382,39.65069033623846,39.54363462367303
0.003738862989483578,0.0005287550747582491,0.32319563701621684,0.0003738836856794382,39.64866225350155,39.54363462367303
0.003738862989483578,0.0005287550747582491,0.6566728206030005,0.0003738836856794382,39.647655512278966,39.54363462367303
0.003738862989483578,0.0005287550747582491,1.334235812400721,0.0003738836856794382,39.64715794447544,39.54363462367303
0.003738862989483578,0.0005287550747582491,2.710916528352625,0.0003738836856794382,39.64691255171098,39.54363462367303
0.003738862989483578,0.0005287550747582491,5.50807312724735,0.0003738836856794382,39.6467916547257,39.54363462367303
0.003738862989483578,0.0005287550747582491,11.191369877235129,0.0003738836856794382,39.64673212278209,39.54363462367303
0.003738862989483578,0.0005287550747582491,22.738761239300707,0.0003738836856794382,39.64670281609544,39.54363462367303
0.003738862989483578,0.0011040446180437932,0.00933356871698037,0.0007806719796258961,39.62849728294212,39.54363462367303
0.003738862989483578,0.0011040446180437932,0.018964058278311137,0.0007806719796258961,39.70550517327931,39.54363462367303
0.003738862989483578,0.0011040446180437932,0.03853140393437119,0.0007806719796258961,39.73545095088154,39.54363462367303
0.003738862989483578,0.0011040446180437932,0.07828857448996901,0.0007806719796258961,39.748213409417666,39.54363462367303
0.003738862989483578,0.0011040446180437932,0.15906767648827047,0.0007806719796258961,39.754010288145125,39.54363462367303
0.003738862989483578,0.0011040446180437932,0.32319563701621684,0.0007806719796258961,39.75674531300279,39.54363462367303
0.003738862989483578,0.0011040446180437932,0.6566728206030005,0.0007806719796258961,39.75806274141986,39.54363462367303
0.003738862989483578,0.0011040446180437932,1.334235812400721,0.0007806719796258961,39.75870418677647,39.54363462367303
0.003738862989483578,0.0011040446180437932,2.710916528352625,0.0007806719796258961,39.75901820193207,39.54363462367303
0.003738862989483578,0.0011040446180437932,5.50807312724735,0.0007806719796258961,39.759172342702506,39.54363462367303
0.003738862989483578,0.0011040446180437932,11.191369877235129,0.0007806719796258961,39.75924810747148,39.54363462367303
0.003738862989483578,0.0011040446180437932,22.738761239300707,0.0007806719796258961,39.75928537262,39.54363462367303
0.003738862989483578,0.002305253560334644,0.00933356871698037,0.0016300490316005565,39.667361690344336,39.54363462367303
0.003738862989483578,0.002305253560334644,0.018964058278311137,0.0016300490316005565,39.819001245125676,39.54363462367303
0.003738862989483578,0.002305253560334644,0.03853140393437119,0.0016300490316005565,39.85596715907505,39.54363462367303
0.003738862989483578,0.002305253560334644,0.07828857448996901,0.0016300490316005565,39.86455217515215,39.54363462367303
0.003738862989483578,0.002305253560334644,0.15906767648827047,0.0016300490316005565,39.866393875305285,39.54363462367303
0.003738862989483578,0.002305253560334644,0.32319563701621684,0.0016300490316005565,39.86671633599941,39.54363462367303
0.003738862989483578,0.002305253560334644,0.6566728206030005,0.0016300490316005565,39.86673281510116,39.54363462367303
0.003738862989483578,0.002305253560334644,1.334235812400721,0.0016300490316005565,39.86670638026245,39.54363462367303
0.003738862989483578,0.002305253560334644,2.710916528352625,0.0016300490316005565,39.86668499083409,39.54363462367303
0.003738862989483578,0.002305253560334644,5.50807312724735,0.0016300490316005565,39.86667243258884,39.54363462367303
0.003738862989483578,0.002305253560334644,11.191369877235129,0.0016300490316005565,39.866665759560185,39.54363462367303
0.003738862989483578,0.002305253560334644,22.738761239300707,0.0016300490316005565,39.86666235612429,39.54363462367303
0.003738862989483578,0.004813386968772636,0.00933356871698037,0.003403554776866973,39.20982039891228,39.54363462367303
0.003738862989483578,0.004813386968772636,0.018964058278311137,0.003403554776866973,39.6552006027051,39.54363462367303
0.003738862989483578,0.004813386968772636,0.03853140393437119,0.003403554776866973,39.71019264027819,39.54363462367303
0.003738862989483578,0.004813386968772636,0.07828857448996901,0.003403554776866973,39.69269747541828,39.54363462367303
0.003738862989483578,0.004813386968772636,0.15906767648827047,0.003403554776866973,39.672759629025016,39.54363462367303
0.003738862989483578,0.004813386968772636,0.32319563701621684,0.003403554776866973,39.660142322747475,39.54363462367303
0.003738862989483578,0.004813386968772636,0.6566728206030005,0.003403554776866973,39.653246074341794,39.54363462367303
0.003738862989483578,0.004813386968772636,1.334235812400721,0.003403554776866973,39.64968484976262,39.54363462367303
0.003738862989483578,0.004813386968772636,2.710916528352625,0.003403554776866973,39.647891544569326,39.54363462367303
0.003738862989483578,0.004813386968772636,5.50807312724735,0.003403554776866973,39.646999091431475,39.54363462367303
0.003738862989483578,0.004813386968772636,11.191369877235129,0.003403554776866973,39.64655746654917,39.54363462367303
0.003738862989483578,0.004813386968772636,22.738761239300707,0.003403554776866973,39.64633953353182,39.54363462367303
0.003738862989483578,0.010050388603580299,0.00933356871698037,0.0071066482630644506,37.32241350602185,39.54363462367303
0.003738862989483578,0.010050388603580299,0.018964058278311137,0.0071066482630644506,39.03371490868616,39.54363462367303
0.003738862989483578,0.010050388603580299,0.03853140393437119,0.0071066482630644506,39.28147997931497,39.54363462367303
0.003738862989483578,0.010050388603580299,0.07828857448996901,0.0071066482630644506,39.349854840783195,39.54363462367303
0.003738862989483578,0.010050388603580299,0.15906767648827047,0.0071066482630644506,39.4396590975176,39.54363462367303
0.003738862989483578,0.010050388603580299,0.32319563701621684,0.0071066482630644506,39.47490787660794,39.54363462367303
0.003738862989483578,0.010050388603580299,0.6566728206030005,0.0071066482630644506,39.49002806876792,39.54363462367303
0.003738862989483578,0.010050388603580299,1.334235812400721,0.0071066482630644506,39.49692293014487,39.54363462367303
0.003738862989483578,0.010050388603580299,2.710916528352625,0.0071066482630644506,39.50018307041025,39.54363462367303
0.003738862989483578,0.010050388603580299,5.50807312724735,0.0071066482630644506,39.50175522515938,39.54363462367303
0.003738862989483578,0.010050388603580299,11.191369877235129,0.0071066482630644506,39.50252113620653,39.54363462367303
0.003738862989483578,0.010050388603580299,22.738761239300707,0.0071066482630644506,39.50289619074489,39.54363462367303
0.003738862989483578,0.020985287852045134,0.018964058278311137,0.014838735629636944,37.05816689703026,39.54363462367303
0.003738862989483578,0.020985287852045134,0.03853140393437119,0.014838735629636944,38.560855982211415,39.54363462367303
0.003738862989483578,0.020985287852045134,0.07828857448996901,0.014838735629636944,39.227257691837885,39.54363462367303
0.003738862989483578,0.020985287852045134,0.15906767648827047,0.014838735629636944,39.40200710811855,39.54363462367303
0.003738862989483578,0.020985287852045134,0.32319563701621684,0.014838735629636944,39.4457520764368,39.54363462367303
0.003738862989483578,0.020985287852045134,0.6566728206030005,0.014838735629636944,39.45645452346511,39.54363462367303
0.003738862989483578,0.020985287852045134,1.334235812400721,0.014838735629636944,39.45903077848468,39.54363462367303
0.003738862989483578,0.020985287852045134,2.710916528352625,0.014838735629636944,39.459638828764106,39.54363462367303
0.003738862989483578,0.020985287852045134,5.50807312724735,0.014838735629636944,39.4597772953529,39.54363462367303
0.003738862989483578,0.020985287852045134,11.191369877235129,0.014838735629636944,39.45980638154756,39.54363462367303
0.003738862989483578,0.020985287852045134,22.738761239300707,0.014838735629636944,39.45981122122737,39.54363462367303
0.0060667399222926995,0.0005287550747582491,0.00933356871698037,0.0003738794186333598,39.407779971758465,39.26561059267241
0.0060667399222926995,0.0005287550747582491,0.018964058278311137,0.0003738794186333598,39.38156956089543,39.26561059267241
0.0060667399222926995,0.0005287550747582491,0.03853140393437119,0.0003738794186333598,39.36623053579976,39.26561059267241
0.0060667399222926995,0.0005287550747582491,0.07828857448996901,0.0003738794186333598,39.358084917321726,39.26561059267241
0.0060667399222926995,0.0005287550747582491,0.15906767648827047,0.0003738794186333598,39.35393081141729,39.26561059267241
0.0060667399222926995,0.0005287550747582491,0.32319563701621684,0.0003738794186333598,39.35185106210154,39.26561059267241
0.0060667399222926995,0.0005287550747582491,0.6566728206030005,0.0003738794186333598,39.35081893010395,39.26561059267241
0.0060667399222926995,0.0005287550747582491,1.334235812400721,0.0003738794186333598,39.35030887512894,39.26561059267241
0.0060667399222926995,0.0005287550747582491,2.710916528352625,0.0003738794186333598,39.350057339185135,39.26561059267241
0.0060667399222926995,0.0005287550747582491,5.50807312724735,0.0003738794186333598,39.349933418465476,39.26561059267241
0.0060667399222926995,0.0005287550747582491,11.191369877235129,0.0003738794186333598,39.34987239889126,39.26561059267241
0.0060667399222926995,0.0005287550747582491,22.738761239300707,0.0003738794186333598,39.34984235962104,39.26561059267241
0.0060667399222926995,0.0011040446180437932,0.00933356871698037,0.0007806630700012273,39.36207996399284,39.26561059267241
0.0060667399222926995,0.0011040446180437932,0.018964058278311137,0.0007806630700012273,39.436908611048494,39.26561059267241
0.0060667399222926995,0.0011040446180437932,0.03853140393437119,0.0007806630700012273,39.46580467114727,39.26561059267241
0.0060667399222926995,0.0011040446180437932,0.07828857448996901,0.0007806630700012273,39.478056287457726,39.26561059267241
0.0060667399222926995,0.0011040446180437932,0.15906767648827047,0.0007806630700012273,39.483603180797274,39.26561059267241
0.0060667399222926995,0.0011040446180437932,0.32319563701621684,0.0007806630700012273,39.48621552211777,39.26561059267241
0.0060667399222926995,0.0011040446180437932,0.6566728206030005,0.0007806630700012273,39.487472654621484,39.26561059267241
0.0060667399222926995,0.0011040446180437932,1.334235812400721,0.0007806630700012273,39.48808444514604,39.26561059267241
0.0060667399222926995,0.0011040446180437932,2.710916528352625,0.0007806630700012273,39.488383870031576,39.26561059267241
0.0060667399222926995,0.0011040446180437932,5.50807312724735,0.0007806630700012273,39.4885308310412,39.26561059267241
0.0060667399222926995,0.0011040446180437932,11.191369877235129,0.0007806630700012273,39.48860306237044,39.26561059267241
0.0060667399222926995,0.0011040446180437932,22.738761239300707,0.0007806630700012273,39.48863858883868,39.26561059267241
0.0060667399222926995,0.002305253560334644,0.00933356871698037,0.0016300304282364775,39.39393506210746,39.26561059267241
0.0060667399222926995,0.002305253560334644,0.018964058278311137,0.0016300304282364775,39.54076764739509,39.26561059267241
0.0060667399222926995,0.002305253560334644,0.03853140393437119,0.0016300304282364775,39.575493437908364,39.26561059267241
0.0060667399222926995,0.002305253560334644,0.07828857448996901,0.0016300304282364775,39.58300949125897,39.26561059267241
0.0060667399222926995,0.002305253560334644,0.15906767648827047,0.0016300304282364775,39.58433359092925,39.26561059267241
0.0060667399222926995,0.002305253560334644,0.32319563701621684,0.0016300304282364775,39.58440341157227,39.26561059267241
0.0060667399222926995,0.002305253560334644,0.6566728206030005,0.0016300304282364775,39.58429606497069,39.26561059267241
0.0060667399222926995,0.002305253560334644,1.334235812400721,0.0016300304282364775,39.584208812265445,39.26561059267241
0.0060667399222926995,0.002305253560334644,2.710916528352625,0.0016300304282364775,39.58415752051085,39.26561059267241
0.0060667399222926995,0.002305253560334644,5.50807312724735,0.0016300304282364775,39.58413025259853,39.26561059267241
0.0060667399222926995,0.002305253560334644,11.191369877235129,0.0016300304282364775,39.58411634177697,39.26561059267241
0.0060667399222926995,0.002305253560334644,22.738761239300707,0.0016300304282364775,39.58410937649753,39.26561059267241
0.0060667399222926995,0.004813386968772636,0.00933356871698037,0.0034035159329012703,38.93584762466233,39.26561059267241
0.0060667399222926995,0.004813386968772636,0.018964058278311137,0.0034035159329012703,39.37034502645636,39.26561059267241
0.0060667399222926995,0.004813386968772636,0.03853140393437119,0.0034035159329012703,39.420571684494575,39.26561059267241
0.0060667399222926995,0.004813386968772636,0.07828857448996901,0.0034035159329012703,39.40090737997308,39.26561059267241
0.0060667399222926995,0.004813386968772636,0.15906767648827047,0.0034035159329012703,39.37994881113364,39.26561059267241
0.0060667399222926995,0.004813386968772636,0.32319563701621684,0.0034035159329012703,39.36684099699483,39.26561059267241
0.0060667399222926995,0.004813386968772636,0.6566728206030005,0.0034035159329012703,39.35970626956573,39.26561059267241
0.0060667399222926995,0.004813386968772636,1.334235812400721,0.0034035159329012703,39.35602839077217,39.26561059267241
0.0060667399222926995,0.004813386968772636,2.710916528352625,0.0034035159329012703,39.354177846574174,39.26561059267241
0.0060667399222926995,0.004813386968772636,5.50807312724735,0.0034035159329012703,39.35325726447212,39.26561059267241
0.0060667399222926995,0.004813386968772636,11.191369877235129,0.0034035159329012703,39.35280180563463,39.26561059267241
0.0060667399222926995,0.004813386968772636,22.738761239300707,0.0034035159329012703,39.35257706646595,39.26561059267241
0.0060667399222926995,0.010050388603580299,0.00933356871698037,0.007106567156568598,37.063506733322626,39.26561059267241
0.0060667399222926995,0.010050388603580299,0.018964058278311137,0.007106567156568598,38.749092308963355,39.26561059267241
0.0060667399222926995,0.010050388603580299,0.03853140393437119,0.007106567156568598,38.98621681314055,39.26561059267241
0.0060667399222926995,0.010050388603580299,0.07828857448996901,0.007106567156568598,39.0872624279691,39.26561059267241
0.0060667399222926995,0.010050388603580299,0.15906767648827047,0.007106567156568598,39.17475519806876,39.26561059267241
0.0060667399222926995,0.010050388603580299,0.32319563701621684,0.007106567156568598,39.20889087411814,39.26561059267241
0.0060667399222926995,0.010050388603580299,0.6566728206030005,0.007106567156568598,39.22346947966206,39.26561059267241
0.0060667399222926995,0.010050388603580299,1.334235812400721,0.007106567156568598,39.23009933902099,39.26561059267241
0.0060667399222926995,0.010050388603580299,2.710916528352625,0.007106567156568598,39.23322943315064,39.26561059267241
0.0060667399222926995,0.010050388603580299,5.50807312724735,0.007106567156568598,39.234737675569065,39.26561059267241
0.0060667399222926995,0.010050388603580299,11.191369877235129,0.007106567156568598,39.23547215334453,39.26561059267241
0.0060667399222926995,0.010050388603580299,22.738761239300707,0.007106567156568598,39.23583174274847,39.26561059267241
0.0060667399222926995,0.020985287852045134,0.018964058278311137,0.014838566278656672,36.78978252133802,39.26561059267241
0.0060667399222926995,0.020985287852045134,0.03853140393437119,0.014838566278656672,38.303432362717174,39.26561059267241
0.0060667399222926995,0.020985287852045134,0.07828857448996901,0.014838566278656672,38.95862135403822,39.26561059267241
0.0060667399222926995,0.020985287852045134,0.15906767648827047,0.014838566278656672,39.128302062140584,39.26561059267241
0.0060667399222926995,0.020985287852045134,0.32319563701621684,0.014838566278656672,39.16968942271268,39.26561059267241
0.0060667399222926995,0.020985287852045134,0.6566728206030005,0.014838566278656672,39.17926833695332,39.26561059267241
0.0060667399222926995,0.020985287852045134,1.334235812400721,0.014838566278656672,39.18130098630364,39.26561059267241
0.0060667399222926995,0.020985287852045134,2.710916528352625,0.014838566278656672,39.18164381226028,39.26561059267241
0.0060667399222926995,0.020985287852045134,5.50807312724735,0.014838566278656672,39.18165231222308,39.26561059267241
0.0060667399222926995,0.020985287852045134,11.191369877235129,0.014838566278656672,39.181617571233275,39.26561059267241
0.0060667399222926995,0.020985287852045134,22.738761239300707,0.014838566278656672,39.18159103066474,39.26561059267241
0.009843990910676222,0.0005287550747582491,0.00933356871698037,0.0003738681846965409,38.93706053405749,38.82187761546538
0.009843990910676222,0.0005287550747582491,0.018964058278311137,0.0003738681846965409,38.909390940258966,38.82187761546538
0.009843990910676222,0.0005287550747582491,0.03853140393437119,0.0003738681846965409,38.893350890004285,38.82187761546538
0.009843990910676222,0.0005287550747582491,0.07828857448996901,0.0003738681846965409,38.88486448049147,38.82187761546538
0.009843990910676222,0.0005287550747582491,0.15906767648827047,0.0003738681846965409,38.88054368169801,38.82187761546538
0.009843990910676222,0.0005287550747582491,0.32319563701621684,0.0003738681846965409,38.878382143613834,38.82187761546538
0.009843990910676222,0.0005287550747582491,0.6566728206030005,0.0003738681846965409,38.877309817921805,38.82187761546538
0.009843990910676222,0.0005287550747582491,1.334235812400721,0.0003738681846965409,38.876779995467004,38.82187761546538
0.009843990910676222,0.0005287550747582491,2.710916528352625,0.0003738681846965409,38.876518734424565,38.82187761546538
0.009843990910676222,0.0005287550747582491,5.50807312724735,0.0003738681846965409,38.87639002791798,38.82187761546538
0.009843990910676222,0.0005287550747582491,11.191369877235129,0.0003738681846965409,38.87632665350844,38.82187761546538
0.009843990910676222,0.0005287550747582491,22.738761239300707,0.0003738681846965409,38.876295455551556,38.82187761546538
0.009843990910676222,0.0011040446180437932,0.00933356871698037,0.0007806396134556992,38.93674291709729,38.82187761546538
0.009843990910676222,0.0011040446180437932,0.018964058278311137,0.0007806396134556992,39.00811821083041,38.82187761546538
0.009843990910676222,0.0011040446180437932,0.03853140393437119,0.0007806396134556992,39.03535130406987,38.82187761546538
0.009843990910676222,0.0011040446180437932,0.07828857448996901,0.0007806396134556992,39.04679375892387,38.82187761546538
0.009843990910676222,0.0011040446180437932,0.15906767648827047,0.0007806396134556992,39.05194471104611,38.82187761546538
0.009843990910676222,0.0011040446180437932,0.32319563701621684,0.0007806396134556992,39.05436274553417,38.82187761546538
0.009843990910676222,0.0011040446180437932,0.6566728206030005,0.0007806396134556992,39.055524383649725,38.82187761546538
0.009843990910676222,0.0011040446180437932,1.334235812400721,0.0007806396134556992,39.05608920748381,38.82187761546538
0.009843990910676222,0.0011040446180437932,2.710916528352625,0.0007806396134556992,39.056365525075684,38.82187761546538
0.009843990910676222,0.0011040446180437932,5.50807312724735,0.0007806396134556992,39.0565011151586,38.82187761546538
0.009843990910676222,0.0011040446180437932,11.191369877235129,0.0007806396134556992,39.056567750729364,38.82187761546538
0.009843990910676222,0.0011040446180437932,22.738761239300707,0.0007806396134556992,39.056600522903146,38.82187761546538
0.009843990910676222,0.002305253560334644,0.00933356871698037,0.0016299814507909937,38.957507576715194,38.82187761546538
0.009843990910676222,0.002305253560334644,0.018964058278311137,0.0016299814507909937,39.096719488847086,38.82187761546538
0.009843990910676222,0.002305253560334644,0.03853140393437119,0.0016299814507909937,39.12789595566352,38.82187761546538
0.009843990910676222,0.002305253560334644,0.07828857448996901,0.0016299814507909937,39.133718835611596,38.82187761546538
0.009843990910676222,0.002305253560334644,0.15906767648827047,0.0016299814507909937,39.134223218653034,38.82187761546538
0.009843990910676222,0.002305253560334644,0.32319563701621684,0.0016299814507909937,39.13389296934279,38.82187761546538
0.009843990910676222,0.002305253560334644,0.6566728206030005,0.0016299814507909937,39.13358954529115,38.82187761546538
0.009843990910676222,0.002305253560334644,1.334235812400721,0.0016299814507909937,39.133405989978776,38.82187761546538
0.009843990910676222,0.002305253560334644,2.710916528352625,0.0016299814507909937,39.13330734966091,38.82187761546538
0.009843990910676222,0.002305253560334644,5.50807312724735,0.0016299814507909937,39.133256789968144,38.82187761546538
0.009843990910676222,0.002305253560334644,11.191369877235129,0.0016299814507909937,39.133231418447565,38.82187761546538
0.009843990910676222,0.002305253560334644,22.738761239300707,0.0016299814507909937,39.133218813206085,38.82187761546538
0.009843990910676222,0.004813386968772636,0.00933356871698037,0.003403413667622556,38.49859519858907,38.82187761546538
0.009843990910676222,0.004813386968772636,0.018964058278311137,0.003403413667622556,38.91582504593374,38.82187761546538
0.009843990910676222,0.004813386968772636,0.03853140393437119,0.003403413667622556,38.95849824425385,38.82187761546538
0.009843990910676222,0.004813386968772636,0.07828857448996901,0.003403413667622556,38.935397837013696,38.82187761546538
0.009843990910676222,0.004813386968772636,0.15906767648827047,0.003403413667622556,38.912822917485094,38.82187761546538
0.009843990910676222,0.004813386968772636,0.32319563701621684,0.003403413667622556,38.89893850866894,38.82187761546538
0.009843990910676222,0.004813386968772636,0.6566728206030005,0.003403413667622556,38.89142624560968,38.82187761546538
0.009843990910676222,0.004813386968772636,1.334235812400721,0.003403413667622556,38.88756370038011,38.82187761546538
0.009843990910676222,0.004813386968772636,2.710916528352625,0.003403413667622556,38.88562254757313,38.82187761546538
0.009843990910676222,0.004813386968772636,5.50807312724735,0.003403413667622556,38.88465743819418,38.82187761546538
0.009843990910676222,0.004813386968772636,11.191369877235129,0.003403413667622556,38.8841800808329,38.82187761546538
0.009843990910676222,0.004813386968772636,22.738761239300707,0.003403413667622556,38.883944567742326,38.82187761546538
0.009843990910676222,0.010050388603580299,0.00933356871698037,0.007106353625888766,36.650260418256394,38.82187761546538
0.009843990910676222,0.010050388603580299,0.018964058278311137,0.007106353625888766,38.29498890348873,38.82187761546538
0.009843990910676222,0.010050388603580299,0.03853140393437119,0.007106353625888766,38.515232040340486,38.82187761546538
0.009843990910676222,0.010050388603580299,0.07828857448996901,0.007106353625888766,38.668001840256856,38.82187761546538
0.009843990910676222,0.010050388603580299,0.15906767648827047,0.007106353625888766,38.75183201166459,38.82187761546538
0.009843990910676222,0.010050388603580299,0.32319563701621684,0.007106353625888766,38.784204498923344,38.82187761546538
0.009843990910676222,0.010050388603580299,0.6566728206030005,0.007106353625888766,38.797925351301004,38.82187761546538
0.009843990910676222,0.010050388603580299,1.334235812400721,0.007106353625888766,38.80413553963694,38.82187761546538
0.009843990910676222,0.010050388603580299,2.710916528352625,0.007106353625888766,38.80705969418647,38.82187761546538
0.009843990910676222,0.010050388603580299,5.50807312724735,0.007106353625888766,38.808466727730156,38.82187761546538
0.009843990910676222,0.010050388603580299,11.191369877235129,0.007106353625888766,38.80915142950854,38.82187761546538
0.009843990910676222,0.010050388603580299,22.738761239300707,0.007106353625888766,38.809486529378326,38.82187761546538
0.009843990910676222,0.020985287852045134,0.018964058278311137,0.014838120424972973,36.3615520068794,38.82187761546538
0.009843990910676222,0.020985287852045134,0.03853140393437119,0.014838120424972973,37.892422709366315,38.82187761546538
0.009843990910676222,0.020985287852045134,0.07828857448996901,0.014838120424972973,38.5298194129005,38.82187761546538
0.009843990910676222,0.020985287852045134,0.15906767648827047,0.014838120424972973,38.69146576256957,38.82187761546538
0.009843990910676222,0.020985287852045134,0.32319563701621684,0.014838120424972973,38.72911847790314,38.82187761546538
0.009843990910676222,0.020985287852045134,0.6566728206030005,0.014838120424972973,38.73691824042117,38.82187761546538
0.009843990910676222,0.020985287852045134,1.334235812400721,0.014838120424972973,38.73809022710949,38.82187761546538
0.009843990910676222,0.020985287852045134,2.710916528352625,0.014838120424972973,38.73801317560722,38.82187761546538
0.009843990910676222,0.020985287852045134,5.50807312724735,0.014838120424972973,38.73781593417474,38.82187761546538
0.009843990910676222,0.020985287852045134,11.191369877235129,0.014838120424972973,38.73768015497927,38.82187761546538
0.009843990910676222,0.020985287852045134,22.738761239300707,0.014838120424972973,38.73760394017941,38.82187761546538
0.015973019824600403,0.0005287550747582491,0.00933356871698037,0.00037383861189116624,38.193810050106016,38.12073161363207
0.015973019824600403,0.0005287550747582491,0.018964058278311137,0.00037383861189116624,38.163861756859525,38.12073161363207
0.015973019824600403,0.0005287550747582491,0.03853140393437119,0.00037383861189116624,38.14672722659628,38.12073161363207
0.015973019824600403,0.0005287550747582491,0.07828857448996901,0.00037383861189116624,38.13770881916555,38.12073161363207
0.015973019824600403,0.0005287550747582491,0.15906767648827047,0.00037383861189116624,38.13312781694022,38.12073161363207
0.015973019824600403,0.0005287550747582491,0.32319563701621684,0.00037383861189116624,38.13083861266722,38.12073161363207
0.015973019824600403,0.0005287550747582491,0.6566728206030005,0.00037383861189116624,38.129703549606894,38.12073161363207
0.015973019824600403,0.0005287550747582491,1.334235812400721,0.00037383861189116624,38.129142872466126,38.12073161363207
0.015973019824600403,0.0005287550747582491,2.710916528352625,0.00037383861189116624,38.128866430872506,38.12073161363207
0.015973019824600403,0.0005287550747582491,5.50807312724735,0.00037383861189116624,38.12873025536792,38.12073161363207
0.015973019824600403,0.0005287550747582491,11.191369877235129,0.00037383861189116624,38.12866320450699,38.12073161363207
0.015973019824600403,0.0005287550747582491,22.738761239300707,0.00037383861189116624,38.128630196932434,38.12073161363207
0.015973019824600403,0.0011040446180437932,0.00933356871698037,0.0007805778652131328,38.26435003470374,38.12073161363207
0.015973019824600403,0.0011040446180437932,0.018964058278311137,0.0007805778652131328,38.330328984831226,38.12073161363207
0.015973019824600403,0.0011040446180437932,0.03853140393437119,0.0007805778652131328,38.35496456075374,38.12073161363207
0.015973019824600403,0.0011040446180437932,0.07828857448996901,0.0007805778652131328,38.36514340009741,38.12073161363207
0.015973019824600403,0.0011040446180437932,0.15906767648827047,0.0007805778652131328,38.36967610322913,38.12073161363207
0.015973019824600403,0.0011040446180437932,0.32319563701621684,0.0007805778652131328,38.37179075119537,38.12073161363207
0.015973019824600403,0.0011040446180437932,0.6566728206030005,0.0007805778652131328,38.37280328962276,38.12073161363207
0.015973019824600403,0.0011040446180437932,1.334235812400721,0.0007805778652131328,38.37329478420189,38.12073161363207
0.015973019824600403,0.0011040446180437932,2.710916528352625,0.0007805778652131328,38.373535023860235,38.12073161363207
0.015973019824600403,0.0011040446180437932,5.50807312724735,0.0007805778652131328,38.37365286082298,38.12073161363207
0.015973019824600403,0.0011040446180437932,11.191369877235129,0.0007805778652131328,38.37371075931315,38.12073161363207
0.015973019824600403,0.0011040446180437932,22.738761239300707,0.0007805778652131328,38.3737392317739,38.12073161363207
0.015973019824600403,0.002305253560334644,0.00933356871698037,0.0016298525199908303,38.26782501821126,38.12073161363207
0.015973019824600403,0.002305253560334644,0.018964058278311137,0.0016298525199908303,38.395119497458,38.12073161363207
0.015973019824600403,0.002305253560334644,0.03853140393437119,0.0016298525199908303,38.42075009360122,38.12073161363207
0.015973019824600403,0.002305253560334644,0.07828857448996901,0.0016298525199908303,38.42392856560874,38.12073161363207
0.015973019824600403,0.002305253560334644,0.15906767648827047,0.0016298525199908303,38.42315301086721,38.12073161363207
0.015973019824600403,0.002305253560334644,0.32319563701621684,0.0016298525199908303,38.422198150617334,38.12073161363207
0.015973019824600403,0.002305253560334644,0.6566728206030005,0.0016298525199908303,38.421588618098454,38.12073161363207
0.015973019824600403,0.002305253560334644,1.334235812400721,0.0016298525199908303,38.42125472305553,38.12073161363207
0.015973019824600403,0.002305253560334644,2.710916528352625,0.0016298525199908303,38.42108216711557,38.12073161363207
0.015973019824600403,0.002305253560334644,5.50807312724735,0.0016298525199908303,38.42099524695963,38.12073161363207
0.015973019824600403,0.002305253560334644,11.191369877235129,0.0016298525199908303,38.4209519845447,38.12073161363207
0.015973019824600403,0.002305253560334644,22.738761239300707,0.0016298525199908303,38.42093057497026,38.12073161363207
0.015973019824600403,0.004813386968772636,0.00933356871698037,0.003403144459131109,37.807721482845125,38.12073161363207
0.015973019824600403,0.004813386968772636,0.018964058278311137,0.003403144459131109,38.197911038595976,38.12073161363207
0.015973019824600403,0.004813386968772636,0.03853140393437119,0.003403144459131109,38.22877313364197,38.12073161363207
0.015973019824600403,0.004813386968772636,0.07828857448996901,0.003403144459131109,38.20030453726788,38.12073161363207
0.015973019824600403,0.004813386968772636,0.15906767648827047,0.003403144459131109,38.17520564248204,38.12073161363207
0.015973019824600403,0.004813386968772636,0.32319563701621684,0.003403144459131109,38.160108870464995,38.12073161363207
0.015973019824600403,0.004813386968772636,0.6566728206030005,0.003403144459131109,38.152007304031564,38.12073161363207
0.015973019824600403,0.004813386968772636,1.334235812400721,0.003403144459131109,38.14785652759645,38.12073161363207
0.015973019824600403,0.004813386968772636,2.710916528352625,0.003403144459131109,38.14577395562162,38.12073161363207
0.015973019824600403,0.004813386968772636,5.50807312724735,0.003403144459131109,38.14473935059623,38.12073161363207
0.015973019824600403,0.004813386968772636,11.191369877235129,0.003403144459131109,38.14422781529914,38.12073161363207
0.015973019824600403,0.004813386968772636,22.738761239300707,0.003403144459131109,38.14397548712563,38.12073161363207
0.015973019824600403,0.010050388603580299,0.00933356871698037,0.007105791516510905,35.997221293850025,38.12073161363207
0.015973019824600403,0.010050388603580299,0.018964058278311137,0.007105791516510905,37.577839493212025,38.12073161363207
0.015973019824600403,0.010050388603580299,0.03853140393437119,0.007105791516510905,37.7766240371433,38.12073161363207
0.015973019824600403,0.010050388603580299,0.07828857448996901,0.007105791516510905,38.00514333487213,38.12073161363207
0.015973019824600403,0.010050388603580299,0.15906767648827047,0.007105791516510905,38.0832511359943,38.12073161363207
0.015973019824600403,0.010050388603580299,0.32319563701621684,0.007105791516510905,38.11287013755107,38.12073161363207
0.015973019824600403,0.010050388603580299,0.6566728206030005,0.007105791516510905,38.12525179863027,38.12073161363207
0.015973019824600403,0.010050388603580299,1.334235812400721,0.007105791516510905,38.13080684240051,38.12073161363207
0.015973019824600403,0.010050388603580299,2.710916528352625,0.007105791516510905,38.133409525663104,38.12073161363207
0.015973019824600403,0.010050388603580299,5.50807312724735,0.007105791516510905,38.13465857707025,38.12073161363207
0.015973019824600403,0.010050388603580299,11.191369877235129,0.007105791516510905,38.135265582047246,38.12073161363207
0.015973019824600403,0.010050388603580299,22.738761239300707,0.007105791516510905,38.13556245572772,38.12073161363207
0.015973019824600403,0.020985287852045134,0.018964058278311137,0.014836946736316341,35.68517896144222,38.12073161363207
0.015973019824600403,0.020985287852045134,0.03853140393437119,0.014836946736316341,37.24260592551785,38.12073161363207
0.015973019824600403,0.020985287852045134,0.07828857448996901,0.014836946736316341,37.85214169699665,38.12073161363207
0.015973019824600403,0.020985287852045134,0.15906767648827047,0.014836946736316341,38.00122724945071,38.12073161363207
0.015973019824600403,0.020985287852045134,0.32319563701621684,0.014836946736316341,38.03304677107047,38.12073161363207
0.015973019824600403,0.020985287852045134,0.6566728206030005,0.014836946736316341,38.0380690715564,38.12073161363207
0.015973019824600403,0.020985287852045134,1.334235812400721,0.014836946736316341,38.03789781993714,38.12073161363207
0.015973019824600403,0.020985287852045134,2.710916528352625,0.014836946736316341,38.03716555219534,38.12073161363207
0.015973019824600403,0.020985287852045134,5.50807312724735,0.014836946736316341,38.03664727430205,38.12073161363207
0.015973019824600403,0.020985287852045134,11.191369877235129,0.014836946736316341,38.03635384142067,38.12073161363207
0.015973019824600403,0.020985287852045134,22.738761239300707,0.014836946736316341,38.036200119285525,38.12073161363207
0.02591808186661067,0.0005287550747582491,0.00933356871698037,0.0003737607836869102,37.03902103123568,37.038224296867114
0.02591808186661067,0.0005287550747582491,0.018964058278311137,0.0003737607836869102,37.035140975144444,37.038224296867114
0.02591808186661067,0.0005287550747582491,0.03853140393437119,0.0003737607836869102,37.050897570107736,37.038224296867114
0.02591808186661067,0.0005287550747582491,0.07828857448996901,0.0003737607836869102,37.05826975429584,37.038224296867114
0.02591808186661067,0.0005287550747582491,0.15906767648827047,0.0003737607836869102,37.06180485641922,37.038224296867114
0.02591808186661067,0.0005287550747582491,0.32319563701621684,0.0003737607836869102,37.06352207312442,37.038224296867114
0.02591808186661067,0.0005287550747582491,0.6566728206030005,0.0003737607836869102,37.06436174089117,37.038224296867114
0.02591808186661067,0.0005287550747582491,1.334235812400721,0.0003737607836869102,37.0647736692704,37.038224296867114
0.02591808186661067,0.0005287550747582491,2.710916528352625,0.0003737607836869102,37.064976085862455,37.038224296867114
0.02591808186661067,0.0005287550747582491,5.50807312724735,0.0003737607836869102,37.065075631464175,37.038224296867114
0.02591808186661067,0.0005287550747582491,11.191369877235129,0.0003737607836869102,37.065124605649764,37.038224296867114
0.02591808186661067,0.0005287550747582491,22.738761239300707,0.0003737607836869102,37.065148705098956,37.038224296867114
0.02591808186661067,0.0011040446180437932,0.00933356871698037,0.0007804153593306498,37.21785861416332,37.038224296867114
0.02591808186661067,0.0011040446180437932,0.018964058278311137,0.0007804153593306498,37.27558387550016,37.038224296867114
0.02591808186661067,0.0011040446180437932,0.03853140393437119,0.0007804153593306498,37.29624892475611,37.038224296867114
0.02591808186661067,0.0011040446180437932,0.07828857448996901,0.0007804153593306498,37.30449680608614,37.038224296867114
0.02591808186661067,0.0011040446180437932,0.15906767648827047,0.0007804153593306498,37.3080848909518,37.038224296867114
0.02591808186661067,0.0011040446180437932,0.32319563701621684,0.0007804153593306498,37.309736032293216,37.038224296867114
0.02591808186661067,0.0011040446180437932,0.6566728206030005,0.0007804153593306498,37.310520788251274,37.038224296867114
0.02591808186661067,0.0011040446180437932,1.334235812400721,0.0007804153593306498,37.31090025817068,37.038224296867114
0.02591808186661067,0.0011040446180437932,2.710916528352625,0.0007804153593306498,37.31108538247749,37.038224296867114
0.02591808186661067,0.0011040446180437932,5.50807312724735,0.0007804153593306498,37.31117609824703,37.038224296867114
0.02591808186661067,0.0011040446180437932,11.191369877235129,0.0007804153593306498,37.311220649767996,37.038224296867114
0.02591808186661067,0.0011040446180437932,22.738761239300707,0.0007804153593306498,37.31124255320809,37.038224296867114
0.02591808186661067,0.002305253560334644,0.00933356871698037,0.001629513206472113,37.19498087674255,37.038224296867114
0.02591808186661067,0.002305253560334644,0.018964058278311137,0.001629513206472113,37.304022410735364,37.038224296867114
0.02591808186661067,0.002305253560334644,0.03853140393437119,0.001629513206472113,37.32116843496872,37.038224296867114
0.02591808186661067,0.002305253560334644,0.07828857448996901,0.001629513206472113,37.32030368865373,37.038224296867114
0.02591808186661067,0.002305253560334644,0.15906767648827047,0.001629513206472113,37.317571753624456,37.038224296867114
0.02591808186661067,0.002305253560334644,0.32319563701621684,0.001629513206472113,37.31566232626159,37.038224296867114
0.02591808186661067,0.002305253560334644,0.6566728206030005,0.001629513206472113,37.31458501701678,37.038224296867114
0.02591808186661067,0.002305253560334644,1.334235812400721,0.001629513206472113,37.31402139067839,37.038224296867114
0.02591808186661067,0.002305253560334644,2.710916528352625,0.001629513206472113,37.313735887751015,37.038224296867114
0.02591808186661067,0.002305253560334644,5.50807312724735,0.001629513206472113,37.3135934075684,37.038224296867114
0.02591808186661067,0.002305253560334644,11.191369877235129,0.001629513206472113,37.31352280699869,37.038224296867114
0.02591808186661067,0.002305253560334644,22.738761239300707,0.001629513206472113,37.31348794416871,37.038224296867114
0.02591808186661067,0.004813386968772636,0.00933356871698037,0.0034024359699230565,36.73327800158015,37.038224296867114
0.02591808186661067,0.004813386968772636,0.018964058278311137,0.0034024359699230565,37.08196269468866,37.038224296867114
0.02591808186661067,0.004813386968772636,0.03853140393437119,0.0034024359699230565,37.094729617891616,37.038224296867114
0.02591808186661067,0.004813386968772636,0.07828857448996901,0.0034024359699230565,37.05804566440454,37.038224296867114
0.02591808186661067,0.004813386968772636,0.15906767648827047,0.0034024359699230565,37.02908641840954,37.038224296867114
0.02591808186661067,0.004813386968772636,0.32319563701621684,0.0034024359699230565,37.01213594061541,37.038224296867114
0.02591808186661067,0.004813386968772636,0.6566728206030005,0.0034024359699230565,37.003133466812585,37.038224296867114
0.02591808186661067,0.004813386968772636,1.334235812400721,0.0034024359699230565,36.998542086831975,37.038224296867114
0.02591808186661067,0.004813386968772636,2.710916528352625,0.0034024359699230565,36.99624334318663,37.038224296867114
0.02591808186661067,0.004813386968772636,5.50807312724735,0.0034024359699230565,36.995102510016864,37.038224296867114
0.02591808186661067,0.004813386968772636,11.191369877235129,0.0034024359699230565,36.994538732386424,37.038224296867114
0.02591808186661067,0.004813386968772636,22.738761239300707,0.0034024359699230565,36.99426070168649,37.038224296867114
0.02591808186661067,0.010050388603580299,0.00933356871698037,0.007104312185655404,34.98139046061181,37.038224296867114
0.02591808186661067,0.010050388603580299,0.018964058278311137,0.007104312185655404,36.46331511619781,37.038224296867114
0.02591808186661067,0.010050388603580299,0.03853140393437119,0.007104312185655404,36.763341847952525,37.038224296867114
0.02591808186661067,0.010050388603580299,0.07828857448996901,0.007104312185655404,36.97333237196385,37.038224296867114
0.02591808186661067,0.010050388603580299,0.15906767648827047,0.007104312185655404,37.0426908774565,37.038224296867114
0.02591808186661067,0.010050388603580299,0.32319563701621684,0.007104312185655404,37.06810266827582,37.038224296867114
0.02591808186661067,0.010050388603580299,0.6566728206030005,0.007104312185655404,37.0784387875928,37.038224296867114
0.02591808186661067,0.010050388603580299,1.334235812400721,0.007104312185655404,37.08299330189911,37.038224296867114
0.02591808186661067,0.010050388603580299,2.710916528352625,0.007104312185655404,37.085105078829976,37.038224296867114
0.02591808186661067,0.010050388603580299,5.50807312724735,0.007104312185655404,37.086112891766696,37.038224296867114
0.02591808186661067,0.010050388603580299,11.191369877235129,0.007104312185655404,37.08660125628728,37.038224296867114
0.02591808186661067,0.010050388603580299,22.738761239300707,0.007104312185655404,37.086839760419416,37.038224296867114
0.02591808186661067,0.020985287852045134,0.018964058278311137,0.014833857882237601,34.63383293249786,37.038224296867114
0.02591808186661067,0.020985287852045134,0.03853140393437119,0.014833857882237601,36.23109247998573,37.038224296867114
0.02591808186661067,0.020985287852045134,0.07828857448996901,0.014833857882237601,36.79788355092468,37.038224296867114
0.02591808186661067,0.020985287852045134,0.15906767648827047,0.014833857882237601,36.927741099974476,37.038224296867114
0.02591808186661067,0.020985287852045134,0.32319563701621684,0.014833857882237601,36.95064264572756,37.038224296867114
0.02591808186661067,0.020985287852045134,0.6566728206030005,0.014833857882237601,36.95142159302272,37.038224296867114
0.02591808186661067,0.020985287852045134,1.334235812400721,0.014833857882237601,36.94919889523932,37.038224296867114
0.02591808186661067,0.020985287852045134,2.710916528352625,0.014833857882237601,36.94746613438558,37.038224296867114
0.02591808186661067,0.020985287852045134,5.50807312724735,0.014833857882237601,36.94645768824499,37.038224296867114
0.02591808186661067,0.020985287852045134,11.191369877235129,0.014833857882237601,36.94592355551374,37.038224296867114
0.02591808186661067,0.020985287852045134,22.738761239300707,0.014833857882237601,36.94565150064738,37.038224296867114
0.04205510135345605,0.0005287550747582491,0.00933356871698037,0.0003735561033274667,35.46315045755622,35.41844285987934
0.04205510135345605,0.0005287550747582491,0.018964058278311137,0.0003735561033274667,35.49290697661352,35.41844285987934
0.04205510135345605,0.0005287550747582491,0.03853140393437119,0.0003735561033274667,35.506014110237835,35.41844285987934
0.04205510135345605,0.0005287550747582491,0.07828857448996901,0.0003735561033274667,35.51208800822817,35.41844285987934
0.04205510135345605,0.0005287550747582491,0.15906767648827047,0.0003735561033274667,35.514985526793104,35.41844285987934
0.04205510135345605,0.0005287550747582491,0.32319563701621684,0.0003735561033274667,35.516389267140305,35.41844285987934
0.04205510135345605,0.0005287550747582491,0.6566728206030005,0.0003735561033274667,35.517074741477046,35.41844285987934
0.04205510135345605,0.0005287550747582491,1.334235812400721,0.0003735561033274667,35.51741079987788,35.41844285987934
0.04205510135345605,0.0005287550747582491,2.710916528352625,0.0003735561033274667,35.51757588023151,35.41844285987934
0.04205510135345605,0.0005287550747582491,5.50807312724735,0.0003735561033274667,35.51765705113422,35.41844285987934
0.04205510135345605,0.0005287550747582491,11.191369877235129,0.0003735561033274667,35.51769698214906,35.41844285987934
0.04205510135345605,0.0005287550747582491,22.738761239300707,0.0003735561033274667,35.517716630867504,35.41844285987934
0.04205510135345605,0.0011040446180437932,0.00933356871698037,0.0007799879851832411,35.62826847342266,35.41844285987934
0.04205510135345605,0.0011040446180437932,0.018964058278311137,0.0007799879851832411,35.673759624488184,35.41844285987934
0.04205510135345605,0.0011040446180437932,0.03853140393437119,0.0007799879851832411,35.688543422228335,35.41844285987934
0.04205510135345605,0.0011040446180437932,0.07828857448996901,0.0007799879851832411,35.69393211671664,35.41844285987934
0.04205510135345605,0.0011040446180437932,0.15906767648827047,0.0007799879851832411,35.69612174385916,35.41844285987934
0.04205510135345605,0.0011040446180437932,0.32319563701621684,0.0007799879851832411,35.697086745303324,35.41844285987934
0.04205510135345605,0.0011040446180437932,0.6566728206030005,0.0007799879851832411,35.697534324604625,35.41844285987934
0.04205510135345605,0.0011040446180437932,1.334235812400721,0.0007799879851832411,35.69774797228821,35.41844285987934
0.04205510135345605,0.0011040446180437932,2.710916528352625,0.0007799879851832411,35.69785151448042,35.41844285987934
0.04205510135345605,0.0011040446180437932,5.50807312724735,0.0007799879851832411,35.6979020852556,35.41844285987934
0.04205510135345605,0.0011040446180437932,11.191369877235129,0.0007799879851832411,35.69792688013377,35.41844285987934
0.04205510135345605,0.0011040446180437932,22.738761239300707,0.0007799879851832411,35.69793906061192,35.41844285987934
0.04205510135345605,0.002305253560334644,0.00933356871698037,0.0016286208460015242,35.56651090699945,35.41844285987934
0.04205510135345605,0.002305253560334644,0.018964058278311137,0.0016286208460015242,35.64842592649553,35.41844285987934
0.04205510135345605,0.002305253560334644,0.03853140393437119,0.0016286208460015242,35.65297761467757,35.41844285987934
0.04205510135345605,0.002305253560334644,0.07828857448996901,0.0016286208460015242,35.64611484828567,35.41844285987934
0.04205510135345605,0.002305253560334644,0.15906767648827047,0.0016286208460015242,35.64048155800993,35.41844285987934
0.04205510135345605,0.002305253560334644,0.32319563701621684,0.0016286208460015242,35.63715670254261,35.41844285987934
0.04205510135345605,0.002305253560334644,0.6566728206030005,0.0016286208460015242,35.63538582808909,35.41844285987934
0.04205510135345605,0.002305253560334644,1.334235812400721,0.0016286208460015242,35.634481594041986,35.41844285987934
0.04205510135345605,0.002305253560334644,2.710916528352625,0.0016286208460015242,35.6340286357434,35.41844285987934
0.04205510135345605,0.002305253560334644,5.50807312724735,0.0016286208460015242,35.63380378277626,35.41844285987934
0.04205510135345605,0.002305253560334644,11.191369877235129,0.0016286208460015242,35.6336926514167,35.41844285987934
0.04205510135345605,0.002305253560334644,22.738761239300707,0.0016286208460015242,35.63363784298842,35.41844285987934
0.04205510135345605,0.004813386968772636,0.00933356871698037,0.0034005727144727723,35.10288548176349,35.41844285987934
0.04205510135345605,0.004813386968772636,0.018964058278311137,0.0034005727144727723,35.38968335246344,35.41844285987934
0.04205510135345605,0.004813386968772636,0.03853140393437119,0.0034005727144727723,35.37551516324109,35.41844285987934
0.04205510135345605,0.004813386968772636,0.07828857448996901,0.0034005727144727723,35.326612948773366,35.41844285987934
0.04205510135345605,0.004813386968772636,0.15906767648827047,0.0034005727144727723,35.330909988902555,35.41844285987934
0.04205510135345605,0.004813386968772636,0.32319563701621684,0.0034005727144727723,35.34636268222447,35.41844285987934
0.04205510135345605,0.004813386968772636,0.6566728206030005,0.0034005727144727723,35.35354365168411,35.41844285987934
0.04205510135345605,0.004813386968772636,1.334235812400721,0.0034005727144727723,35.35697445512405,35.41844285987934
0.04205510135345605,0.004813386968772636,2.710916528352625,0.0034005727144727723,35.35863785751623,35.41844285987934
0.04205510135345605,0.004813386968772636,5.50807312724735,0.0034005727144727723,35.35945043734372,35.41844285987934
0.04205510135345605,0.004813386968772636,11.191369877235129,0.0034005727144727723,35.35984888744546,35.41844285987934
0.04205510135345605,0.004813386968772636,22.738761239300707,0.0034005727144727723,35.36004463486811,35.41844285987934
0.04205510135345605,0.010050388603580299,0.00933356871698037,0.007100421694102453,33.439435278386014,35.41844285987934
0.04205510135345605,0.010050388603580299,0.018964058278311137,0.007100421694102453,34.773644108553704,35.41844285987934
0.04205510135345605,0.010050388603580299,0.03853140393437119,0.007100421694102453,35.223234285975856,35.41844285987934
0.04205510135345605,0.010050388603580299,0.07828857448996901,0.007100421694102453,35.40573902694042,35.41844285987934
0.04205510135345605,0.010050388603580299,0.15906767648827047,0.007100421694102453,35.462138597997594,35.41844285987934
0.04205510135345605,0.010050388603580299,0.32319563701621684,0.007100421694102453,35.48132384522633,35.41844285987934
0.04205510135345605,0.010050388603580299,0.6566728206030005,0.007100421694102453,35.48863383253311,35.41844285987934
0.04205510135345605,0.010050388603580299,1.334235812400721,0.007100421694102453,35.491708477807386,35.41844285987934
0.04205510135345605,0.010050388603580299,2.710916528352625,0.007100421694102453,35.49309423371373,35.41844285987934
0.04205510135345605,0.010050388603580299,5.50807312724735,0.007100421694102453,35.49374528673079,35.41844285987934
0.04205510135345605,0.010050388603580299,11.191369877235129,0.007100421694102453,35.49405820189234,35.41844285987934
0.04205510135345605,0.010050388603580299,22.738761239300707,0.007100421694102453,35.494210388235274,35.41844285987934
0.04205510135345605,0.020985287852045134,0.018964058278311137,0.014825734506282212,33.03954417637677,35.41844285987934
0.04205510135345605,0.020985287852045134,0.03853140393437119,0.014825734506282212,34.69434667805398,35.41844285987934
0.04205510135345605,0.020985287852045134,0.07828857448996901,0.014825734506282212,35.19751536229974,35.41844285987934
0.04205510135345605,0.020985287852045134,0.15906767648827047,0.014825734506282212,35.29882762121527,35.41844285987934
0.04205510135345605,0.020985287852045134,0.32319563701621684,0.014825734506282212,35.308508444724595,35.41844285987934
0.04205510135345605,0.020985287852045134,0.6566728206030005,0.014825734506282212,35.30300128780496,35.41844285987934
0.04205510135345605,0.020985287852045134,1.334235812400721,0.014825734506282212,35.29774069610236,35.41844285987934
0.04205510135345605,0.020985287852045134,2.710916528352625,0.014825734506282212,35.29452662232454,35.41844285987934
0.04205510135345605,0.020985287852045134,5.50807312724735,0.014825734506282212,35.29279250754999,35.41844285987934
0.04205510135345605,0.020985287852045134,11.191369877235129,0.014825734506282212,35.29190204721141,35.41844285987934
0.04205510135345605,0.020985287852045134,22.738761239300707,0.014825734506282212,35.29145481860079,35.41844285987934
0.06823929174048655,0.0005287550747582491,0.00933356871698037,0.00037301880780044006,33.210810539236604,33.06994300217043
0.06823929174048655,0.0005287550747582491,0.018964058278311137,0.00037301880780044006,33.232885934738384,33.06994300217043
0.06823929174048655,0.0005287550747582491,0.03853140393437119,0.00037301880780044006,33.24224644350918,33.06994300217043
0.06823929174048655,0.0005287550747582491,0.07828857448996901,0.00037301880780044006,33.24648469941974,33.06994300217043
0.06823929174048655,0.0005287550747582491,0.15906767648827047,0.00037301880780044006,33.248480806012026,33.06994300217043
0.06823929174048655,0.0005287550747582491,0.32319563701621684,0.00037301880780044006,33.249441407982445,33.06994300217043
0.06823929174048655,0.0005287550747582491,0.6566728206030005,0.00037301880780044006,33.24990889509825,33.06994300217043
0.06823929174048655,0.0005287550747582491,1.334235812400721,0.00037301880780044006,33.25013769591908,33.06994300217043
0.06823929174048655,0.0005287550747582491,2.710916528352625,0.00037301880780044006,33.25024999383219,33.06994300217043
0.06823929174048655,0.0005287550747582491,5.50807312724735,0.00037301880780044006,33.250305188790506,33.06994300217043
0.06823929174048655,0.0005287550747582491,11.191369877235129,0.00037301880780044006,33.25033233561888,33.06994300217043
0.06823929174048655,0.0005287550747582491,22.738761239300707,0.00037301880780044006,33.250345692227846,33.06994300217043
0.06823929174048655,0.0011040446180437932,0.00933356871698037,0.0007788661080358985,33.301282599657256,33.06994300217043
0.06823929174048655,0.0011040446180437932,0.018964058278311137,0.0007788661080358985,33.329378080797,33.06994300217043
0.06823929174048655,0.0011040446180437932,0.03853140393437119,0.0007788661080358985,33.33580258357146,33.06994300217043
0.06823929174048655,0.0011040446180437932,0.07828857448996901,0.0007788661080358985,33.33712809456457,33.06994300217043
0.06823929174048655,0.0011040446180437932,0.15906767648827047,0.0007788661080358985,33.3373305523184,33.06994300217043
0.06823929174048655,0.0011040446180437932,0.32319563701621684,0.0007788661080358985,33.33732061049376,33.06994300217043
0.06823929174048655,0.0011040446180437932,0.6566728206030005,0.0007788661080358985,33.33728910068772,33.06994300217043
0.06823929174048655,0.0011040446180437932,1.334235812400721,0.0007788661080358985,33.33726713661643,33.06994300217043
0.06823929174048655,0.0011040446180437932,2.710916528352625,0.0007788661080358985,33.33725476164146,33.06994300217043
0.06823929174048655,0.0011040446180437932,5.50807312724735,0.0007788661080358985,33.33724829178467,33.06994300217043
0.06823929174048655,0.0011040446180437932,11.191369877235129,0.0007788661080358985,33.337245015617476,33.06994300217043
0.06823929174048655,0.0011040446180437932,22.738761239300707,0.0007788661080358985,33.33724338108025,33.06994300217043
0.06823929174048655,0.002305253560334644,0.00933356871698037,0.0016262783579843712,33.18450190867974,33.06994300217043
0.06823929174048655,0.002305253560334644,0.018964058278311137,0.0016262783579843712,33.2276526075855,33.06994300217043
0.06823929174048655,0.002305253560334644,0.03853140393437119,0.0016262783579843712,33.21421031562189,33.06994300217043
0.06823929174048655,0.002305253560334644,0.07828857448996901,0.0016262783579843712,33.19877801072043,33.06994300217043
0.06823929174048655,0.002305253560334644,0.15906767648827047,0.0016262783579843712,33.18899935467359,33.06994300217043
0.06823929174048655,0.002305253560334644,0.32319563701621684,0.0016262783579843712,33.18365216215939,33.06994300217043
0.06823929174048655,0.002305253560334644,0.6566728206030005,0.0016262783579843712,33.18089031674834,33.06994300217043
0.06823929174048655,0.002305253560334644,1.334235812400721,0.0016262783579843712,33.17949942066695,33.06994300217043
0.06823929174048655,0.002305253560334644,2.710916528352625,0.0016262783579843712,33.17880719877218,33.06994300217043
0.06823929174048655,0.002305253560334644,5.50807312724735,0.0016262783579843712,33.1784646497716,33.06994300217043
0.06823929174048655,0.002305253560334644,11.191369877235129,0.0016262783579843712,33.178295606876176,33.06994300217043
0.06823929174048655,0.002305253560334644,22.738761239300707,0.0016262783579843712,33.17821229967745,33.06994300217043
0.06823929174048655,0.004813386968772636,0.00933356871698037,0.003395681581674941,32.71881608730958,33.06994300217043
0.06823929174048655,0.004813386968772636,0.018964058278311137,0.003395681581674941,32.916765892102596,33.06994300217043
0.06823929174048655,0.004813386968772636,0.03853140393437119,0.003395681581674941,33.001353301683096,33.06994300217043
0.06823929174048655,0.004813386968772636,0.07828857448996901,0.003395681581674941,33.06971102705775,33.06994300217043
0.06823929174048655,0.004813386968772636,0.15906767648827047,0.003395681581674941,33.09655185535301,33.06994300217043
0.06823929174048655,0.004813386968772636,0.32319563701621684,0.003395681581674941,33.10806887895083,33.06994300217043
0.06823929174048655,0.004813386968772636,0.6566728206030005,0.003395681581674941,33.113321681946715,33.06994300217043
0.06823929174048655,0.004813386968772636,1.334235812400721,0.003395681581674941,33.115805662596884,33.06994300217043
0.06823929174048655,0.004813386968772636,2.710916528352625,0.003395681581674941,33.11700359292093,33.06994300217043
0.06823929174048655,0.004813386968772636,5.50807312724735,0.003395681581674941,33.117587208623945,33.06994300217043
0.06823929174048655,0.004813386968772636,11.191369877235129,0.003395681581674941,33.11787300008815,33.06994300217043
0.06823929174048655,0.004813386968772636,22.738761239300707,0.003395681581674941,33.118013307722464,33.06994300217043
0.06823929174048655,0.010050388603580299,0.00933356871698037,0.0070902089716164286,31.18370485766651,33.06994300217043
0.06823929174048655,0.010050388603580299,0.018964058278311137,0.0070902089716164286,32.435321600329104,33.06994300217043
0.06823929174048655,0.010050388603580299,0.03853140393437119,0.0070902089716164286,32.96712620764693,33.06994300217043
0.06823929174048655,0.010050388603580299,0.07828857448996901,0.0070902089716164286,33.11057169651096,33.06994300217043
0.06823929174048655,0.010050388603580299,0.15906767648827047,0.0070902089716164286,33.14857600636395,33.06994300217043
0.06823929174048655,0.010050388603580299,0.32319563701621684,0.0070902089716164286,33.158927144765386,33.06994300217043
0.06823929174048655,0.010050388603580299,0.6566728206030005,0.0070902089716164286,33.16194473846338,33.06994300217043
0.06823929174048655,0.010050388603580299,1.334235812400721,0.0070902089716164286,33.16292051763028,33.06994300217043
0.06823929174048655,0.010050388603580299,2.710916528352625,0.0070902089716164286,33.16327663091756,33.06994300217043
0.06823929174048655,0.010050388603580299,5.50807312724735,0.0070902089716164286,33.16342174103967,33.06994300217043
0.06823929174048655,0.010050388603580299,11.191369877235129,0.0070902089716164286,33.1634858441591,33.06994300217043
0.06823929174048655,0.010050388603580299,22.738761239300707,0.0070902089716164286,33.16351562047046,33.06994300217043
0.06823929174048655,0.020985287852045134,0.018964058278311137,0.014804410264048839,30.739033049808477,33.06994300217043
0.06823929174048655,0.020985287852045134,0.03853140393437119,0.014804410264048839,32.444439027260174,33.06994300217043
0.06823929174048655,0.020985287852045134,0.07828857448996901,0.014804410264048839,32.856756702597934,33.06994300217043
0.06823929174048655,0.020985287852045134,0.15906767648827047,0.014804410264048839,32.9173645763866,33.06994300217043
0.06823929174048655,0.020985287852045134,0.32319563701621684,0.014804410264048839,32.908201746731834,33.06994300217043
0.06823929174048655,0.020985287852045134,0.6566728206030005,0.014804410264048839,32.8937361012569,33.06994300217043
0.06823929174048655,0.020985287852045134,1.334235812400721,0.014804410264048839,32.88414628639349,33.06994300217043
0.06823929174048655,0.020985287852045134,2.710916528352625,0.014804410264048839,32.878821253812795,33.06994300217043
0.06823929174048655,0.020985287852045134,5.50807312724735,0.014804410264048839,32.87605302151617,33.06994300217043
0.06823929174048655,0.020985287852045134,11.191369877235129,0.014804410264048839,32.874654775384336,33.06994300217043
0.06823929174048655,0.020985287852045134,22.738761239300707,0.014804410264048839,32.87395791498641,33.06994300217043
0.1107261851090644,0.0005287550747582491,0.00933356871698037,0.00037161518426692447,30.08326033714913,29.874736616221742
0.1107261851090644,0.0005287550747582491,0.018964058278311137,0.00037161518426692447,30.094980877526122,29.874736616221742
0.1107261851090644,0.0005287550747582491,0.03853140393437119,0.00037161518426692447,30.09928887415931,29.874736616221742
0.1107261851090644,0.0005287550747582491,0.07828857448996901,0.00037161518426692447,30.101051182102456,29.874736616221742
0.1107261851090644,0.0005287550747582491,0.15906767648827047,0.00037161518426692447,30.10183133141087,29.874736616221742
0.1107261851090644,0.0005287550747582491,0.32319563701621684,0.00037161518426692447,30.10219411479957,29.874736616221742
0.1107261851090644,0.0005287550747582491,0.6566728206030005,0.00037161518426692447,30.10236752817277,29.874736616221742
0.1107261851090644,0.0005287550747582491,1.334235812400721,0.00037161518426692447,30.10245163165392,29.874736616221742
0.1107261851090644,0.0005287550747582491,2.710916528352625,0.00037161518426692447,30.102492723049775,29.874736616221742
0.1107261851090644,0.0005287550747582491,5.50807312724735,0.00037161518426692447,30.10251287426919,29.874736616221742
0.1107261851090644,0.0005287550747582491,11.191369877235129,0.00037161518426692447,30.102522774277197,29.874736616221742
0.1107261851090644,0.0005287550747582491,22.738761239300707,0.00037161518426692447,30.102527642504377,29.874736616221742
0.1107261851090644,0.0011040446180437932,0.00933356871698037,0.0007759353314213269,30.072812132219575,29.874736616221742
0.1107261851090644,0.0011040446180437932,0.018964058278311137,0.0007759353314213269,30.07720580415169,29.874736616221742
0.1107261851090644,0.0011040446180437932,0.03853140393437119,0.0007759353314213269,30.072225811011073,29.874736616221742
0.1107261851090644,0.0011040446180437932,0.07828857448996901,0.0007759353314213269,30.068004029279933,29.874736616221742
0.1107261851090644,0.0011040446180437932,0.15906767648827047,0.0007759353314213269,30.06549247801109,29.874736616221742
0.1107261851090644,0.0011040446180437932,0.32319563701621684,0.0007759353314213269,30.06415074074699,29.874736616221742
0.1107261851090644,0.0011040446180437932,0.6566728206030005,0.0007759353314213269,30.06346472343816,29.874736616221742
0.1107261851090644,0.0011040446180437932,1.334235812400721,0.0007759353314213269,30.063120863258177,29.874736616221742
0.1107261851090644,0.0011040446180437932,2.710916528352625,0.0007759353314213269,30.06295011721693,29.874736616221742
0.1107261851090644,0.0011040446180437932,5.50807312724735,0.0007759353314213269,30.06286571519222,29.874736616221742
0.1107261851090644,0.0011040446180437932,11.191369877235129,0.0007759353314213269,30.062824086544033,29.874736616221742
0.1107261851090644,0.0011040446180437932,22.738761239300707,0.0007759353314213269,30.06280357671422,29.874736616221742
0.1107261851090644,0.002305253560334644,0.00933356871698037,0.0016201588741203425,29.881037053006867,29.874736616221742
0.1107261851090644,0.002305253560334644,0.018964058278311137,0.0016201588741203425,29.870899866914005,29.874736616221742
0.1107261851090644,0.002305253560334644,0.03853140393437119,0.0016201588741203425,29.83262578146409,29.874736616221742
0.1107261851090644,0.002305253560334644,0.07828857448996901,0.0016201588741203425,29.841479379622427,29.874736616221742
0.1107261851090644,0.002305253560334644,0.15906767648827047,0.0016201588741203425,29.853115026887153,29.874736616221742
0.1107261851090644,0.002305253560334644,0.32319563701621684,0.0016201588741203425,29.858520611565712,29.874736616221742
0.1107261851090644,0.002305253560334644,0.6566728206030005,0.0016201588741203425,29.861102788914355,29.874736616221742
0.1107261851090644,0.002305253560334644,1.334235812400721,0.0016201588741203425,29.86235463666848,29.874736616221742
0.1107261851090644,0.002305253560334644,2.710916528352625,0.0016201588741203425,29.862966144402264,29.874736616221742
0.1107261851090644,0.002305253560334644,5.50807312724735,0.0016201588741203425,29.863265992123544,29.874736616221742
0.1107261851090644,0.002305253560334644,11.191369877235129,0.0016201588741203425,29.863413297465808,29.874736616221742
0.1107261851090644,0.002305253560334644,22.738761239300707,0.0016201588741203425,29.863485731174134,29.874736616221742
0.1107261851090644,0.004813386968772636,0.00933356871698037,0.0033829040528193066,29.41264934999644,29.874736616221742
0.1107261851090644,0.004813386968772636,0.018964058278311137,0.0033829040528193066,29.786102369763178,29.874736616221742
0.1107261851090644,0.004813386968772636,0.03853140393437119,0.0033829040528193066,29.931863980609656,29.874736616221742
0.1107261851090644,0.004813386968772636,0.07828857448996901,0.0033829040528193066,29.97781797096762,29.874736616221742
0.1107261851090644,0.004813386968772636,0.15906767648827047,0.0033829040528193066,29.993818018347365,29.874736616221742
0.1107261851090644,0.004813386968772636,0.32319563701621684,0.0033829040528193066,30.00004607565479,29.874736616221742
0.1107261851090644,0.004813386968772636,0.6566728206030005,0.0033829040528193066,30.002707271070378,29.874736616221742
0.1107261851090644,0.004813386968772636,1.334235812400721,0.0033829040528193066,30.003918538678782,29.874736616221742
0.1107261851090644,0.004813386968772636,2.710916528352625,0.0033829040528193066,30.00449075729606,29.874736616221742
0.1107261851090644,0.004813386968772636,5.50807312724735,0.0033829040528193066,30.004766580961167,29.874736616221742
0.1107261851090644,0.004813386968772636,11.191369877235129,0.0033829040528193066,30.004900926050993,29.874736616221742
0.1107261851090644,0.004813386968772636,22.738761239300707,0.0033829040528193066,30.00496670582291,29.874736616221742
0.1107261851090644,0.010050388603580299,0.00933356871698037,0.007063529394174241,28.054046000310088,29.874736616221742
0.1107261851090644,0.010050388603580299,0.018964058278311137,0.007063529394174241,29.41928369365765,29.874736616221742
0.1107261851090644,0.010050388603580299,0.03853140393437119,0.007063529394174241,29.836052793966235,29.874736616221742
0.1107261851090644,0.010050388603580299,0.07828857448996901,0.007063529394174241,29.926572284318343,29.874736616221742
0.1107261851090644,0.010050388603580299,0.15906767648827047,0.007063529394174241,29.93960309812736,29.874736616221742
0.1107261851090644,0.010050388603580299,0.32319563701621684,0.007063529394174241,29.937946297647343,29.874736616221742
0.1107261851090644,0.010050388603580299,0.6566728206030005,0.007063529394174241,29.935125375633,29.874736616221742
0.1107261851090644,0.010050388603580299,1.334235812400721,0.007063529394174241,29.933245253045353,29.874736616221742
0.1107261851090644,0.010050388603580299,2.710916528352625,0.007063529394174241,29.932200090029166,29.874736616221742
0.1107261851090644,0.010050388603580299,5.50807312724735,0.007063529394174241,29.93165658253808,29.874736616221742
0.1107261851090644,0.010050388603580299,11.191369877235129,0.007063529394174241,29.931382022764843,29.874736616221742
0.1107261851090644,0.010050388603580299,22.738761239300707,0.007063529394174241,29.93124518072294,29.874736616221742
0.1107261851090644,0.020985287852045134,0.018964058278311137,0.014748703103412704,27.89584294399051,29.874736616221742
0.1107261851090644,0.020985287852045134,0.03853140393437119,0.014748703103412704,29.323687271505413,29.874736616221742
0.1107261851090644,0.020985287852045134,0.07828857448996901,0.014748703103412704,29.612234866693676,29.874736616221742
0.1107261851090644,0.020985287852045134,0.15906767648827047,0.014748703103412704,29.61711859251314,29.874736616221742
0.1107261851090644,0.020985287852045134,0.32319563701621684,0.014748703103412704,29.582059791598923,29.874736616221742
0.1107261851090644,0.020985287852045134,0.6566728206030005,0.014748703103412704,29.555253669798113,29.874736616221742
0.1107261851090644,0.020985287852045134,1.334235812400721,0.014748703103412704,29.539692469354478,29.874736616221742
0.1107261851090644,0.020985287852045134,2.710916528352625,0.014748703103412704,29.531453765329918,29.874736616221742
0.1107261851090644,0.020985287852045134,5.50807312724735,0.014748703103412704,29.52725769017889,29.874736616221742
0.1107261851090644,0.020985287852045134,11.191369877235129,0.014748703103412704,29.525158205560945,29.874736616221742
0.1107261851090644,0.020985287852045134,22.738761239300707,0.014748703103412704,29.52411658100612,29.874736616221742
0.1796661095990352,0.0005287550747582491,0.00933356871698037,0.00036799406369670385,26.05053649949948,25.85910322245875
0.1796661095990352,0.0005287550747582491,0.018964058278311137,0.00036799406369670385,26.048551597068364,25.85910322245875
0.1796661095990352,0.0005287550747582491,0.03853140393437119,0.00036799406369670385,26.04615587125026,25.85910322245875
0.1796661095990352,0.0005287550747582491,0.07828857448996901,0.00036799406369670385,26.044629011464174,25.85910322245875
0.1796661095990352,0.0005287550747582491,0.15906767648827047,0.00036799406369670385,26.043792873713226,25.85910322245875
0.1796661095990352,0.0005287550747582491,0.32319563701621684,0.00036799406369670385,26.043360773566565,25.85910322245875
0.1796661095990352,0.0005287550747582491,0.6566728206030005,0.00036799406369670385,26.04314311352092,25.85910322245875
0.1796661095990352,0.0005287550747582491,1.334235812400721,0.00036799406369670385,26.04303477794435,25.85910322245875
0.1796661095990352,0.0005287550747582491,2.710916528352625,0.00036799406369670385,26.042981165183576,25.85910322245875
0.1796661095990352,0.0005287550747582491,5.50807312724735,0.00036799406369670385,26.04295470727211,25.85910322245875
0.1796661095990352,0.0005287550747582491,11.191369877235129,0.00036799406369670385,26.04294166842476,25.85910322245875
0.1796661095990352,0.0005287550747582491,22.738761239300707,0.00036799406369670385,26.042935246793334,25.85910322245875
0.1796661095990352,0.0011040446180437932,0.00933356871698037,0.0007683744041268369,25.905036522073974,25.85910322245875
0.1796661095990352,0.0011040446180437932,0.018964058278311137,0.0007683744041268369,25.877526285686876,25.85910322245875
0.1796661095990352,0.0011040446180437932,0.03853140393437119,0.0007683744041268369,25.857105976255916,25.85910322245875
0.1796661095990352,0.0011040446180437932,0.07828857448996901,0.0007683744041268369,25.845350992632873,25.85910322245875
0.1796661095990352,0.0011040446180437932,0.15906767648827047,0.0007683744041268369,25.843386341581564,25.85910322245875
0.1796661095990352,0.0011040446180437932,0.32319563701621684,0.0007683744041268369,25.845480660776012,25.85910322245875
0.1796661095990352,0.0011040446180437932,0.6566728206030005,0.0007683744041268369,25.846496970012065,25.85910322245875
0.1796661095990352,0.0011040446180437932,1.334235812400721,0.0007683744041268369,25.846993661175397,25.85910322245875
0.1796661095990352,0.0011040446180437932,2.710916528352625,0.0007683744041268369,25.847237283472314,25.85910322245875
0.1796661095990352,0.0011040446180437932,5.50807312724735,0.0007683744041268369,25.84735697399763,25.85910322245875
0.1796661095990352,0.0011040446180437932,11.191369877235129,0.0007683744041268369,25.84741583215275,25.85910322245875
0.1796661095990352,0.0011040446180437932,22.738761239300707,0.0007683744041268369,25.847444788474252,25.85910322245875
0.1796661095990352,0.002305253560334644,0.00933356871698037,0.0016043716004176388,25.803253545178258,25.85910322245875
0.1796661095990352,0.002305253560334644,0.018964058278311137,0.0016043716004176388,25.9263281274662,25.85910322245875
0.1796661095990352,0.002305253560334644,0.03853140393437119,0.0016043716004176388,25.96680363723356,25.85910322245875
0.1796661095990352,0.002305253560334644,0.07828857448996901,0.0016043716004176388,25.981559089783058,25.85910322245875
0.1796661095990352,0.002305253560334644,0.15906767648827047,0.0016043716004176388,25.987534629270034,25.85910322245875
0.1796661095990352,0.002305253560334644,0.32319563701621684,0.0016043716004176388,25.990159724502753,25.85910322245875
0.1796661095990352,0.002305253560334644,0.6566728206030005,0.0016043716004176388,25.991374698467588,25.85910322245875
0.1796661095990352,0.002305253560334644,1.334235812400721,0.0016043716004176388,25.991953956541778,25.85910322245875
0.1796661095990352,0.002305253560334644,2.710916528352625,0.0016043716004176388,25.99223450980596,25.85910322245875
0.1796661095990352,0.002305253560334644,5.50807312724735,0.0016043716004176388,25.992371489210853,25.85910322245875
0.1796661095990352,0.002305253560334644,11.191369877235129,0.0016043716004176388,25.992438639592425,25.85910322245875
0.1796661095990352,0.002305253560334644,22.738761239300707,0.0016043716004176388,25.992471624545768,25.85910322245875
0.1796661095990352,0.004813386968772636,0.00933356871698037,0.003349940105242967,25.534575673272965,25.85910322245875
0.1796661095990352,0.004813386968772636,0.018964058278311137,0.003349940105242967,25.891817873127657,25.85910322245875
0.1796661095990352,0.004813386968772636,0.03853140393437119,0.003349940105242967,25.976599184442108,25.85910322245875
0.1796661095990352,0.004813386968772636,0.07828857448996901,0.003349940105242967,25.993216419619117,25.85910322245875
0.1796661095990352,0.004813386968772636,0.15906767648827047,0.003349940105242967,25.99495205127649,25.85910322245875
0.1796661095990352,0.004813386968772636,0.32319563701621684,0.003349940105242967,25.99420312524008,25.85910322245875
0.1796661095990352,0.004813386968772636,0.6566728206030005,0.003349940105242967,25.993441163256666,25.85910322245875
0.1796661095990352,0.004813386968772636,1.334235812400721,0.003349940105242967,25.992970266539185,25.85910322245875
0.1796661095990352,0.004813386968772636,2.710916528352625,0.003349940105242967,25.992715208072763,25.85910322245875
0.1796661095990352,0.004813386968772636,5.50807312724735,0.003349940105242967,25.99258402392659,25.85910322245875
0.1796661095990352,0.004813386968772636,11.191369877235129,0.003349940105242967,25.992518088780773,25.85910322245875
0.1796661095990352,0.004813386968772636,22.738761239300707,0.003349940105242967,25.992485305446078,25.85910322245875
0.1796661095990352,0.010050388603580299,0.00933356871698037,0.006994700420896254,24.312102782373163,25.85910322245875
0.1796661095990352,0.010050388603580299,0.018964058278311137,0.006994700420896254,25.533016742138585,25.85910322245875
0.1796661095990352,0.010050388603580299,0.03853140393437119,0.006994700420896254,25.800070074690986,25.85910322245875
0.1796661095990352,0.010050388603580299,0.07828857448996901,0.006994700420896254,25.8205421097691,25.85910322245875
0.1796661095990352,0.010050388603580299,0.15906767648827047,0.006994700420896254,25.80016041412541,25.85910322245875
0.1796661095990352,0.010050388603580299,0.32319563701621684,0.006994700420896254,25.782339578269866,25.85910322245875
0.1796661095990352,0.010050388603580299,0.6566728206030005,0.006994700420896254,25.77163406545749,25.85910322245875
0.1796661095990352,0.010050388603580299,1.334235812400721,0.006994700420896254,25.765890896658263,25.85910322245875
0.1796661095990352,0.010050388603580299,2.710916528352625,0.006994700420896254,25.762948740113124,25.85910322245875
0.1796661095990352,0.010050388603580299,5.50807312724735,0.006994700420896254,25.761472630341032,25.85910322245875
0.1796661095990352,0.010050388603580299,11.191369877235129,0.006994700420896254,25.7607393238097,25.85910322245875
0.1796661095990352,0.010050388603580299,22.738761239300707,0.006994700420896254,25.760376761142894,25.85910322245875
0.1796661095990352,0.020985287852045134,0.018964058278311137,0.014604987683664184,24.2311451806278,25.85910322245875
0.1796661095990352,0.020985287852045134,0.03853140393437119,0.014604987683664184,25.300924165319998,25.85910322245875
0.1796661095990352,0.020985287852045134,0.07828857448996901,0.014604987683664184,25.478200995671735,25.85910322245875
0.1796661095990352,0.020985287852045134,0.15906767648827047,0.014604987683664184,25.611137848883388,25.85910322245875
0.1796661095990352,0.020985287852045134,0.32319563701621684,0.014604987683664184,25.654354972290907,25.85910322245875
0.1796661095990352,0.020985287852045134,0.6566728206030005,0.014604987683664184,25.669889910012508,25.85910322245875
0.1796661095990352,0.020985287852045134,1.334235812400721,0.014604987683664184,25.676103990682623,25.85910322245875
0.1796661095990352,0.020985287852045134,2.710916528352625,0.014604987683664184,25.678810490636057,25.85910322245875
0.1796661095990352,0.020985287852045134,5.50807312724735,0.014604987683664184,25.680056708096487,25.85910322245875
0.1796661095990352,0.020985287852045134,11.191369877235129,0.014604987683664184,25.68064919431752,25.85910322245875
0.1796661095990352,0.020985287852045134,22.738761239300707,0.014604987683664184,25.680935736015872,25.85910322245875
0.2915291528075051,0.0005287550747582491,0.00933356871698037,0.0003589441120193512,21.345083049398372,21.338786902962333
0.2915291528075051,0.0005287550747582491,0.018964058278311137,0.0003589441120193512,21.360081446525175,21.338786902962333
0.2915291528075051,0.0005287550747582491,0.03853140393437119,0.0003589441120193512,21.36669441854471,21.338786902962333
0.2915291528075051,0.0005287550747582491,0.07828857448996901,0.0003589441120193512,21.369760137651852,21.338786902962333
0.2915291528075051,0.0005287550747582491,0.15906767648827047,0.0003589441120193512,21.37122288530061,21.338786902962333
0.2915291528075051,0.0005287550747582491,0.32319563701621684,0.0003589441120193512,21.37193159835925,21.338786902962333
0.2915291528075051,0.0005287550747582491,0.6566728206030005,0.0003589441120193512,21.372277686763184,21.338786902962333
0.2915291528075051,0.0005287550747582491,1.334235812400721,0.0003589441120193512,21.37244736223472,21.338786902962333
0.2915291528075051,0.0005287550747582491,2.710916528352625,0.0003589441120193512,21.372530711711924,21.338786902962333
0.2915291528075051,0.0005287550747582491,5.50807312724735,0.0003589441120193512,21.372571695458426,21.338786902962333
0.2915291528075051,0.0005287550747582491,11.191369877235129,0.0003589441120193512,21.37259185685237,21.338786902962333
0.2915291528075051,0.0005287550747582491,22.738761239300707,0.0003589441120193512,21.372601777620392,21.338786902962333
0.2915291528075051,0.0011040446180437932,0.00933356871698037,0.0007494780361865276,21.432200103890004,21.338786902962333
0.2915291528075051,0.0011040446180437932,0.018964058278311137,0.0007494780361865276,21.46064720239108,21.338786902962333
0.2915291528075051,0.0011040446180437932,0.03853140393437119,0.0007494780361865276,21.47054341353592,21.338786902962333
0.2915291528075051,0.0011040446180437932,0.07828857448996901,0.0007494780361865276,21.474389991757548,21.338786902962333
0.2915291528075051,0.0011040446180437932,0.15906767648827047,0.0007494780361865276,21.47603154864801,21.338786902962333
0.2915291528075051,0.0011040446180437932,0.32319563701621684,0.0007494780361865276,21.476778095612886,21.338786902962333
0.2915291528075051,0.0011040446180437932,0.6566728206030005,0.0007494780361865276,21.47713060632126,21.338786902962333
0.2915291528075051,0.0011040446180437932,1.334235812400721,0.0007494780361865276,21.477300482176556,21.338786902962333
0.2915291528075051,0.0011040446180437932,2.710916528352625,0.0007494780361865276,21.47738321268445,21.338786902962333
0.2915291528075051,0.0011040446180437932,5.50807312724735,0.0007494780361865276,21.477423717644058,21.338786902962333
0.2915291528075051,0.0011040446180437932,11.191369877235129,0.0007494780361865276,21.477443601450332,21.338786902962333
0.2915291528075051,0.0011040446180437932,22.738761239300707,0.0007494780361865276,21.477453375295667,21.338786902962333
0.2915291528075051,0.002305253560334644,0.00933356871698037,0.001564915840424012,21.405886055869498,21.338786902962333
0.2915291528075051,0.002305253560334644,0.018964058278311137,0.001564915840424012,21.463410771955566,21.338786902962333
0.2915291528075051,0.002305253560334644,0.03853140393437119,0.001564915840424012,21.47140783637204,21.338786902962333
0.2915291528075051,0.002305253560334644,0.07828857448996901,0.001564915840424012,21.470117939990505,21.338786902962333
0.2915291528075051,0.002305253560334644,0.15906767648827047,0.001564915840424012,21.46818094206861,21.338786902962333
0.2915291528075051,0.002305253560334644,0.32319563701621684,0.001564915840424012,21.46690787576556,21.338786902962333
0.2915291528075051,0.002305253560334644,0.6566728206030005,0.001564915840424012,21.466203345142954,21.338786902962333
0.2915291528075051,0.002305253560334644,1.334235812400721,0.001564915840424012,21.465837648714857,21.338786902962333
0.2915291528075051,0.002305253560334644,2.710916528352625,0.001564915840424012,21.465653066589617,21.338786902962333
0.2915291528075051,0.002305253560334644,5.50807312724735,0.001564915840424012,21.46556110624256,21.338786902962333
0.2915291528075051,0.002305253560334644,11.191369877235129,0.001564915840424012,21.46551557588002,21.338786902962333
0.2915291528075051,0.002305253560334644,22.738761239300707,0.001564915840424012,21.46549310170768,21.338786902962333
0.2915291528075051,0.004813386968772636,0.00933356871698037,0.0032675561782580433,21.140034757255986,21.338786902962333
0.2915291528075051,0.004813386968772636,0.018964058278311137,0.0032675561782580433,21.32860071628927,21.338786902962333
0.2915291528075051,0.004813386968772636,0.03853140393437119,0.0032675561782580433,21.33040725328437,21.338786902962333
0.2915291528075051,0.004813386968772636,0.07828857448996901,0.0032675561782580433,21.306231430350863,21.338786902962333
0.2915291528075051,0.004813386968772636,0.15906767648827047,0.0032675561782580433,21.28790712563843,21.338786902962333
0.2915291528075051,0.004813386968772636,0.32319563701621684,0.0032675561782580433,21.277290438679554,21.338786902962333
0.2915291528075051,0.004813386968772636,0.6566728206030005,0.0032675561782580433,21.27973112252863,21.338786902962333
0.2915291528075051,0.004813386968772636,1.334235812400721,0.0032675561782580433,21.28133979639073,21.338786902962333
0.2915291528075051,0.004813386968772636,2.710916528352625,0.0032675561782580433,21.282119237106393,21.338786902962333
0.2915291528075051,0.004813386968772636,5.50807312724735,0.0032675561782580433,21.28249986845002,21.338786902962333
0.2915291528075051,0.004813386968772636,11.191369877235129,0.0032675561782580433,21.28268648029222,21.338786902962333
0.2915291528075051,0.004813386968772636,22.738761239300707,0.0032675561782580433,21.28277814983065,21.338786902962333
0.2915291528075051,0.010050388603580299,0.00933356871698037,0.006822682154702585,20.152693616527756,21.338786902962333
0.2915291528075051,0.010050388603580299,0.018964058278311137,0.006822682154702585,20.968979044726595,21.338786902962333
0.2915291528075051,0.010050388603580299,0.03853140393437119,0.006822682154702585,21.18738898268539,21.338786902962333
0.2915291528075051,0.010050388603580299,0.07828857448996901,0.006822682154702585,21.291207841236965,21.338786902962333
0.2915291528075051,0.010050388603580299,0.15906767648827047,0.006822682154702585,21.324779524850417,21.338786902962333
0.2915291528075051,0.010050388603580299,0.32319563701621684,0.006822682154702585,21.336758365813527,21.338786902962333
0.2915291528075051,0.010050388603580299,0.6566728206030005,0.006822682154702585,21.341517092610832,21.338786902962333
0.2915291528075051,0.010050388603580299,1.334235812400721,0.006822682154702585,21.343579463844026,21.338786902962333
0.2915291528075051,0.010050388603580299,2.710916528352625,0.006822682154702585,21.344526223439424,21.338786902962333
0.2915291528075051,0.010050388603580299,5.50807312724735,0.006822682154702585,21.344975589744855,21.338786902962333
0.2915291528075051,0.010050388603580299,11.191369877235129,0.006822682154702585,21.345192726135238,21.338786902962333
0.2915291528075051,0.010050388603580299,22.738761239300707,0.006822682154702585,21.345298617667556,21.338786902962333
0.2915291528075051,0.020985287852045134,0.018964058278311137,0.014245812235403615,19.930544253027314,21.338786902962333
0.2915291528075051,0.020985287852045134,0.03853140393437119,0.014245812235403615,20.85924832895328,21.338786902962333
0.2915291528075051,0.020985287852045134,0.07828857448996901,0.014245812235403615,21.16280651609284,21.338786902962333
0.2915291528075051,0.020985287852045134,0.15906767648827047,0.014245812235403615,21.23191242699473,21.338786902962333
0.2915291528075051,0.020985287852045134,0.32319563701621684,0.014245812235403615,21.243413474244544,21.338786902962333
0.2915291528075051,0.020985287852045134,0.6566728206030005,0.014245812235403615,21.243251207584823,21.338786902962333
0.2915291528075051,0.020985287852045134,1.334235812400721,0.014245812235403615,21.24171673226869,21.338786902962333
0.2915291528075051,0.020985287852045134,2.710916528352625,0.014245812235403615,21.240603893833974,21.338786902962333
0.2915291528075051,0.020985287852045134,5.50807312724735,0.014245812235403615,21.239968934454208,21.338786902962333
0.2915291528075051,0.020985287852045134,11.191369877235129,0.014245812235403615,21.239635215612683,21.338786902962333
0.2915291528075051,0.020985287852045134,22.738761239300707,0.014245812235403615,21.239465822074497,21.338786902962333
0.2915291528075051,0.04381744065859441,0.03853140393437119,0.029745364307568592,19.672086728151267,21.338786902962333
0.2915291528075051,0.04381744065859441,0.07828857448996901,0.029745364307568592,20.682408581656297,21.338786902962333
0.2915291528075051,0.04381744065859441,0.15906767648827047,0.029745364307568592,20.887527736747746,21.338786902962333
0.2915291528075051,0.04381744065859441,0.32319563701621684,0.029745364307568592,20.88861858560882,21.338786902962333
0.2915291528075051,0.04381744065859441,0.6566728206030005,0.029745364307568592,20.86137372064572,21.338786902962333
0.2915291528075051,0.04381744065859441,1.334235812400721,0.029745364307568592,20.840812380501472,21.338786902962333
0.2915291528075051,0.04381744065859441,2.710916528352625,0.029745364307568592,20.82891061981205,21.338786902962333
0.2915291528075051,0.04381744065859441,5.50807312724735,0.029745364307568592,20.822615395651788,21.338786902962333
0.2915291528075051,0.04381744065859441,11.191369877235129,0.029745364307568592,20.819410392337854,21.338786902962333
0.2915291528075051,0.04381744065859441,22.738761239300707,0.029745364307568592,20.817807058978563,21.338786902962333
0.47303994685661094,0.0005287550747582491,0.00933356871698037,0.00033797939081377655,17.029596541853998,16.901558340551976
0.47303994685661094,0.0005287550747582491,0.018964058278311137,0.00033797939081377655,17.03202607160236,16.901558340551976
0.47303994685661094,0.0005287550747582491,0.03853140393437119,0.00033797939081377655,17.032338520376832,16.901558340551976
0.47303994685661094,0.0005287550747582491,0.07828857448996901,0.00033797939081377655,17.032275104743736,16.901558340551976
0.47303994685661094,0.0005287550747582491,0.15906767648827047,0.00033797939081377655,17.032190898260918,16.901558340551976
0.47303994685661094,0.0005287550747582491,0.32319563701621684,0.00033797939081377655,17.032136571052714,16.901558340551976
0.47303994685661094,0.0005287550747582491,0.6566728206030005,0.00033797939081377655,17.032106706600167,16.901558340551976
0.47303994685661094,0.0005287550747582491,1.334235812400721,0.00033797939081377655,17.032091250311915,16.901558340551976
0.47303994685661094,0.0005287550747582491,2.710916528352625,0.00033797939081377655,17.03208345922977,16.901558340551976
0.47303994685661094,0.0005287550747582491,5.50807312724735,0.00033797939081377655,17.03207958038174,16.901558340551976
0.47303994685661094,0.0005287550747582491,11.191369877235129,0.00033797939081377655,17.03207766054643,16.901558340551976
0.47303994685661094,0.0005287550747582491,22.738761239300707,0.00033797939081377655,17.032076713108836,16.901558340551976
0.47303994685661094,0.0011040446180437932,0.00933356871698037,0.0007057035388422028,16.973819828704883,16.901558340551976
0.47303994685661094,0.0011040446180437932,0.018964058278311137,0.0007057035388422028,16.963123347803112,16.901558340551976
0.47303994685661094,0.0011040446180437932,0.03853140393437119,0.0007057035388422028,16.953333679387775,16.901558340551976
0.47303994685661094,0.0011040446180437932,0.07828857448996901,0.0007057035388422028,16.94738730959658,16.901558340551976
0.47303994685661094,0.0011040446180437932,0.15906767648827047,0.0007057035388422028,16.944183582665485,16.901558340551976
0.47303994685661094,0.0011040446180437932,0.32319563701621684,0.0007057035388422028,16.942539224225904,16.901558340551976
0.47303994685661094,0.0011040446180437932,0.6566728206030005,0.0007057035388422028,16.94171349890112,16.901558340551976
0.47303994685661094,0.0011040446180437932,1.334235812400721,0.0007057035388422028,16.941303113842995,16.901558340551976
0.47303994685661094,0.0011040446180437932,2.710916528352625,0.0007057035388422028,16.941100168139883,16.901558340551976
0.47303994685661094,0.0011040446180437932,5.50807312724735,0.0007057035388422028,16.941000049813756,16.901558340551976
0.47303994685661094,0.0011040446180437932,11.191369877235129,0.0007057035388422028,16.94095071771791,16.901558340551976
0.47303994685661094,0.0011040446180437932,22.738761239300707,0.0007057035388422028,16.94092642411461,16.901558340551976
0.47303994685661094,0.002305253560334644,0.00933356871698037,0.0014735143570005751,16.82516786239947,16.901558340551976
0.47303994685661094,0.002305253560334644,0.018964058278311137,0.0014735143570005751,16.905308744773482,16.901558340551976
0.47303994685661094,0.002305253560334644,0.03853140393437119,0.0014735143570005751,16.933780109246726,16.901558340551976
0.47303994685661094,0.002305253560334644,0.07828857448996901,0.0014735143570005751,16.94492790589085,16.901558340551976
0.47303994685661094,0.002305253560334644,0.15906767648827047,0.0014735143570005751,16.94969503302517,16.901558340551976
0.47303994685661094,0.002305253560334644,0.32319563701621684,0.0014735143570005751,16.951863902527045,16.901558340551976
0.47303994685661094,0.002305253560334644,0.6566728206030005,0.0014735143570005751,16.952888021402973,16.901558340551976
0.47303994685661094,0.002305253560334644,1.334235812400721,0.0014735143570005751,16.953381521572094,16.901558340551976
0.47303994685661094,0.002305253560334644,2.710916528352625,0.0014735143570005751,16.953621849401088,16.901558340551976
0.47303994685661094,0.002305253560334644,5.50807312724735,0.0014735143570005751,16.953739511407345,16.901558340551976
0.47303994685661094,0.002305253560334644,11.191369877235129,0.0014735143570005751,16.95379727085191,16.901558340551976
0.47303994685661094,0.002305253560334644,22.738761239300707,0.0014735143570005751,16.95382566202601,16.901558340551976
0.47303994685661094,0.004813386968772636,0.00933356871698037,0.003076709185629175,16.654296393281268,16.901558340551976
0.47303994685661094,0.004813386968772636,0.018964058278311137,0.003076709185629175,16.89903081189978,16.901558340551976
0.47303994685661094,0.004813386968772636,0.03853140393437119,0.003076709185629175,16.96642816744545,16.901558340551976
0.47303994685661094,0.004813386968772636,0.07828857448996901,0.003076709185629175,16.984571180430994,16.901558340551976
0.47303994685661094,0.004813386968772636,0.15906767648827047,0.003076709185629175,16.989588973883137,16.901558340551976
0.47303994685661094,0.004813386968772636,0.32319563701621684,0.003076709185629175,16.991078068211177,16.901558340551976
0.47303994685661094,0.004813386968772636,0.6566728206030005,0.003076709185629175,16.991569478000578,16.901558340551976
0.47303994685661094,0.004813386968772636,1.334235812400721,0.003076709185629175,16.991752366473374,16.901558340551976
0.47303994685661094,0.004813386968772636,2.710916528352625,0.003076709185629175,16.99182803799763,16.901558340551976
0.47303994685661094,0.004813386968772636,5.50807312724735,0.003076709185629175,16.991861798056107,16.901558340551976
0.47303994685661094,0.004813386968772636,11.191369877235129,0.003076709185629175,16.991877571219142,16.901558340551976
0.47303994685661094,0.004813386968772636,22.738761239300707,0.003076709185629175,16.991885129780425,16.901558340551976
0.47303994685661094,0.010050388603580299,0.00933356871698037,0.006424192182425571,15.867508965634604,16.901558340551976
0.47303994685661094,0.010050388603580299,0.018964058278311137,0.006424192182425571,16.68223762982199,16.901558340551976
0.47303994685661094,0.010050388603580299,0.03853140393437119,0.006424192182425571,16.884114415294224,16.901558340551976
0.47303994685661094,0.010050388603580299,0.07828857448996901,0.006424192182425571,16.914221235256466,16.901558340551976
0.47303994685661094,0.010050388603580299,0.15906767648827047,0.006424192182425571,16.909538008846148,16.901558340551976
0.47303994685661094,0.010050388603580299,0.32319563701621684,0.006424192182425571,16.902176859053093,16.901558340551976
0.47303994685661094,0.010050388603580299,0.6566728206030005,0.006424192182425571,16.897289302681596,16.901558340551976
0.47303994685661094,0.010050388603580299,1.334235812400721,0.006424192182425571,16.894572705427006,16.901558340551976
0.47303994685661094,0.010050388603580299,2.710916528352625,0.006424192182425571,16.893159753171528,16.901558340551976
0.47303994685661094,0.010050388603580299,5.50807312724735,0.006424192182425571,16.892445880407042,16.901558340551976
0.47303994685661094,0.010050388603580299,11.191369877235129,0.006424192182425571,16.892090053413224,16.901558340551976
0.47303994685661094,0.010050388603580299,22.738761239300707,0.006424192182425571,16.89191383955093,16.901558340551976
0.47303994685661094,0.020985287852045134,0.018964058278311137,0.013413762142195513,15.839328844470016,16.901558340551976
0.47303994685661094,0.020985287852045134,0.03853140393437119,0.013413762142195513,16.581422409477234,16.901558340551976
0.47303994685661094,0.020985287852045134,0.07828857448996901,0.013413762142195513,16.692861481370212,16.901558340551976
0.47303994685661094,0.020985287852045134,0.15906767648827047,0.013413762142195513,16.714056455060128,16.901558340551976
0.47303994685661094,0.020985287852045134,0.32319563701621684,0.013413762142195513,16.743590328940407,16.901558340551976
0.47303994685661094,0.020985287852045134,0.6566728206030005,0.013413762142195513,16.75502876503545,16.901558340551976
0.47303994685661094,0.020985287852045134,1.334235812400721,0.013413762142195513,16.75987774493014,16.901558340551976
0.47303994685661094,0.020985287852045134,2.710916528352625,0.013413762142195513,16.762071469209328,16.901558340551976
0.47303994685661094,0.020985287852045134,5.50807312724735,0.013413762142195513,16.763104009187437,16.901558340551976
0.47303994685661094,0.020985287852045134,11.191369877235129,0.013413762142195513,16.76360072183251,16.901558340551976
0.47303994685661094,0.020985287852045134,22.738761239300707,0.013413762142195513,16.76384240380666,16.901558340551976
0.47303994685661094,0.04381744065859441,0.03853140393437119,0.02800803738400338,15.670538808365466,16.901558340551976
0.47303994685661094,0.04381744065859441,0.07828857448996901,0.02800803738400338,16.29308497182419,16.901558340551976
0.47303994685661094,0.04381744065859441,0.15906767648827047,0.02800803738400338,16.547340043670378,16.901558340551976
0.47303994685661094,0.04381744065859441,0.32319563701621684,0.02800803738400338,16.615437448379122,16.901558340551976
0.47303994685661094,0.04381744065859441,0.6566728206030005,0.02800803738400338,16.632580092726872,16.901558340551976
0.47303994685661094,0.04381744065859441,1.334235812400721,0.02800803738400338,16.636729141147807,16.901558340551976
0.47303994685661094,0.04381744065859441,2.710916528352625,0.02800803738400338,16.637693131428595,16.901558340551976
0.47303994685661094,0.04381744065859441,5.50807312724735,0.02800803738400338,16.637901697181434,16.901558340551976
0.47303994685661094,0.04381744065859441,11.191369877235129,0.02800803738400338,16.637939373347994,16.901558340551976
0.47303994685661094,0.04381744065859441,22.738761239300707,0.02800803738400338,16.637942109722182,16.901558340551976
0.767562314667916,0.0005287550747582491,0.00933356871698037,0.00029659023222177995,13.316094639435944,13.263392007815483
0.767562314667916,0.0005287550747582491,0.018964058278311137,0.00029659023222177995,13.32423435632023,13.263392007815483
0.767562314667916,0.0005287550747582491,0.03853140393437119,0.00029659023222177995,13.327725990926954,13.263392007815483
0.767562314667916,0.0005287550747582491,0.07828857448996901,0.00029659023222177995,13.329317461406985,13.263392007815483
0.767562314667916,0.0005287550747582491,0.15906767648827047,0.00029659023222177995,13.330069687426398,13.263392007815483
0.767562314667916,0.0005287550747582491,0.32319563701621684,0.00029659023222177995,13.330432356236752,13.263392007815483
0.767562314667916,0.0005287550747582491,0.6566728206030005,0.00029659023222177995,13.330609017218642,13.263392007815483
0.767562314667916,0.0005287550747582491,1.334235812400721,0.00029659023222177995,13.33069551993289,13.263392007815483
0.767562314667916,0.0005287550747582491,2.710916528352625,0.00029659023222177995,13.330737986078526,13.263392007815483
0.767562314667916,0.0005287550747582491,5.50807312724735,0.00029659023222177995,13.33075886071531,13.263392007815483
0.767562314667916,0.0005287550747582491,11.191369877235129,0.00029659023222177995,13.33076912830556,13.263392007815483
0.767562314667916,0.0005287550747582491,22.738761239300707,0.00029659023222177995,13.330774180011248,13.263392007815483
0.767562314667916,0.0011040446180437932,0.00933356871698037,0.0006192826608775853,13.353811674749952,13.263392007815483
0.767562314667916,0.0011040446180437932,0.018964058278311137,0.0006192826608775853,13.365905851365232,13.263392007815483
0.767562314667916,0.0011040446180437932,0.03853140393437119,0.0006192826608775853,13.368970147604665,13.263392007815483
0.767562314667916,0.0011040446180437932,0.07828857448996901,0.0006192826608775853,13.369753383213205,13.263392007815483
0.767562314667916,0.0011040446180437932,0.15906767648827047,0.0006192826608775853,13.369960209717188,13.263392007815483
0.767562314667916,0.0011040446180437932,0.32319563701621684,0.0006192826608775853,13.370018360971514,13.263392007815483
0.767562314667916,0.0011040446180437932,0.6566728206030005,0.0006192826608775853,13.370036365200383,13.263392007815483
0.767562314667916,0.0011040446180437932,1.334235812400721,0.0006192826608775853,13.370042649960803,13.263392007815483
0.767562314667916,0.0011040446180437932,2.710916528352625,0.0006192826608775853,13.37004511845012,13.263392007815483
0.767562314667916,0.0011040446180437932,5.50807312724735,0.0006192826608775853,13.370046181912269,13.263392007815483
0.767562314667916,0.0011040446180437932,11.191369877235129,0.0006192826608775853,13.370046668632385,13.263392007815483
0.767562314667916,0.0011040446180437932,22.738761239300707,0.0006192826608775853,13.370046899263784,13.263392007815483
0.767562314667916,0.002305253560334644,0.00933356871698037,0.0012930669064544435,13.313483691208633,13.263392007815483
0.767562314667916,0.002305253560334644,0.018964058278311137,0.0012930669064544435,13.329431755279117,13.263392007815483
0.767562314667916,0.002305253560334644,0.03853140393437119,0.0012930669064544435,13.322586080260054,13.263392007815483
0.767562314667916,0.002305253560334644,0.07828857448996901,0.0012930669064544435,13.315402494728643,13.263392007815483
0.767562314667916,0.002305253560334644,0.15906767648827047,0.0012930669064544435,13.3109122817731,13.263392007815483
0.767562314667916,0.002305253560334644,0.32319563701621684,0.0012930669064544435,13.30846740700322,13.263392007815483
0.767562314667916,0.002305253560334644,0.6566728206030005,0.0012930669064544435,13.307206763528146,13.263392007815483
0.767562314667916,0.002305253560334644,1.334235812400721,0.0012930669064544435,13.306572367794477,13.263392007815483
0.767562314667916,0.002305253560334644,2.710916528352625,0.0012930669064544435,13.306256752598904,13.263392007815483
0.767562314667916,0.002305253560334644,5.50807312724735,0.0012930669064544435,13.306100595392383,13.263392007815483
0.767562314667916,0.002305253560334644,11.191369877235129,0.0012930669064544435,13.30602354046522,13.263392007815483
0.767562314667916,0.002305253560334644,22.738761239300707,0.0012930669064544435,13.305985568040986,13.263392007815483
0.767562314667916,0.004813386968772636,0.00933356871698037,0.0026999335363245016,13.134513445962577,13.263392007815483
0.767562314667916,0.004813386968772636,0.018964058278311137,0.0026999335363245016,13.199658777272278,13.263392007815483
0.767562314667916,0.004813386968772636,0.03853140393437119,0.0026999335363245016,13.24707900225522,13.263392007815483
0.767562314667916,0.004813386968772636,0.07828857448996901,0.0026999335363245016,13.270512430555005,13.263392007815483
0.767562314667916,0.004813386968772636,0.15906767648827047,0.0026999335363245016,13.279862529169941,13.263392007815483
0.767562314667916,0.004813386968772636,0.32319563701621684,0.0026999335363245016,13.2839120505828,13.263392007815483
0.767562314667916,0.004813386968772636,0.6566728206030005,0.0026999335363245016,13.285768452620813,13.263392007815483
0.767562314667916,0.004813386968772636,1.334235812400721,0.0026999335363245016,13.286648673137396,13.263392007815483
0.767562314667916,0.004813386968772636,2.710916528352625,0.0026999335363245016,13.287073749106519,13.263392007815483
0.767562314667916,0.004813386968772636,5.50807312724735,0.0026999335363245016,13.287280981823216,13.263392007815483
0.767562314667916,0.004813386968772636,11.191369877235129,0.0026999335363245016,13.287382496198,13.263392007815483
0.767562314667916,0.004813386968772636,22.738761239300707,0.0026999335363245016,13.287432342462582,13.263392007815483
0.767562314667916,0.010050388603580299,0.00933356871698037,0.00563748176075261,12.542358605690623,13.263392007815483
0.767562314667916,0.010050388603580299,0.018964058278311137,0.00563748176075261,13.031042557286757,13.263392007815483
0.767562314667916,0.010050388603580299,0.03853140393437119,0.00563748176075261,13.233393724783241,13.263392007815483
0.767562314667916,0.010050388603580299,0.07828857448996901,0.00563748176075261,13.29154483646535,13.263392007815483
0.767562314667916,0.010050388603580299,0.15906767648827047,0.00563748176075261,13.308156920911838,13.263392007815483
0.767562314667916,0.010050388603580299,0.32319563701621684,0.00563748176075261,13.313172608867202,13.263392007815483
0.767562314667916,0.010050388603580299,0.6566728206030005,0.00563748176075261,13.314844713721868,13.263392007815483
0.767562314667916,0.010050388603580299,1.334235812400721,0.00563748176075261,13.315471000413655,13.263392007815483
0.767562314667916,0.010050388603580299,2.710916528352625,0.00563748176075261,13.315731150108302,13.263392007815483
0.767562314667916,0.010050388603580299,5.50807312724735,0.00563748176075261,13.315847485949325,13.263392007815483
0.767562314667916,0.010050388603580299,11.191369877235129,0.00563748176075261,13.315901901643208,13.263392007815483
0.767562314667916,0.010050388603580299,22.738761239300707,0.00563748176075261,13.31592799447155,13.263392007815483
0.767562314667916,0.020985287852045134,0.018964058278311137,0.011771104797669582,12.376736165840946,13.263392007815483
0.767562314667916,0.020985287852045134,0.03853140393437119,0.011771104797669582,13.040850225723991,13.263392007815483
0.767562314667916,0.020985287852045134,0.07828857448996901,0.011771104797669582,13.211792329306705,13.263392007815483
0.767562314667916,0.020985287852045134,0.15906767648827047,0.011771104797669582,13.239528050150483,13.263392007815483
0.767562314667916,0.020985287852045134,0.32319563701621684,0.011771104797669582,13.237005788579314,13.263392007815483
0.767562314667916,0.020985287852045134,0.6566728206030005,0.011771104797669582,13.23153372422641,13.263392007815483
0.767562314667916,0.020985287852045134,1.334235812400721,0.011771104797669582,13.227777791358104,13.263392007815483
0.767562314667916,0.020985287852045134,2.710916528352625,0.011771104797669582,13.225667247888099,13.263392007815483
0.767562314667916,0.020985287852045134,5.50807312724735,0.011771104797669582,13.224564494450775,13.263392007815483
0.767562314667916,0.020985287852045134,11.191369877235129,0.011771104797669582,13.224006181882489,13.263392007815483
0.767562314667916,0.020985287852045134,22.738761239300707,0.011771104797669582,13.223727617331074,13.263392007815483
0.767562314667916,0.04381744065859441,0.03853140393437119,0.024578156353843736,12.329754221672564,13.263392007815483
0.767562314667916,0.04381744065859441,0.07828857448996901,0.024578156353843736,12.934123082529544,13.263392007815483
0.767562314667916,0.04381744065859441,0.15906767648827047,0.024578156353843736,13.025443568861267,13.263392007815483
0.767562314667916,0.04381744065859441,0.32319563701621684,0.024578156353843736,13.02107608112779,13.263392007815483
0.767562314667916,0.04381744065859441,0.6566728206030005,0.024578156353843736,13.043474073908119,13.263392007815483
0.767562314667916,0.04381744065859441,1.334235812400721,0.024578156353843736,13.052184120731322,13.263392007815483
0.767562314667916,0.04381744065859441,2.710916528352625,0.024578156353843736,13.055882563233308,13.263392007815483
0.767562314667916,0.04381744065859441,5.50807312724735,0.024578156353843736,13.057556880456955,13.263392007815483
0.767562314667916,0.04381744065859441,11.191369877235129,0.024578156353843736,13.058345164317098,13.263392007815483
0.767562314667916,0.04381744065859441,22.738761239300707,0.024578156353843736,13.058724421530071,13.263392007815483
1.2454591008927076,0.0005287550747582491,0.00933356871698037,0.0002340830619615306,10.881858608488553,10.883172817047702
1.2454591008927076,0.0005287550747582491,0.018964058278311137,0.0002340830619615306,10.88237348480432,10.883172817047702
1.2454591008927076,0.0005287550747582491,0.03853140393437119,0.0002340830619615306,10.885517703002145,10.883172817047702
1.2454591008927076,0.0005287550747582491,0.07828857448996901,0.0002340830619615306,10.886991369503658,10.883172817047702
1.2454591008927076,0.0005287550747582491,0.15906767648827047,0.0002340830619615306,10.887698560624361,10.883172817047702
1.2454591008927076,0.0005287550747582491,0.32319563701621684,0.0002340830619615306,10.888042208199588,10.883172817047702
1.2454591008927076,0.0005287550747582491,0.6566728206030005,0.0002340830619615306,10.888210269495707,10.883172817047702
1.2454591008927076,0.0005287550747582491,1.334235812400721,0.0002340830619615306,10.888292725133368,10.883172817047702
1.2454591008927076,0.0005287550747582491,2.710916528352625,0.0002340830619615306,10.888333244456497,10.883172817047702
1.2454591008927076,0.0005287550747582491,5.50807312724735,0.0002340830619615306,10.888353172271746,10.883172817047702
1.2454591008927076,0.0005287550747582491,11.191369877235129,0.0002340830619615306,10.888362975499705,10.883172817047702
1.2454591008927076,0.0005287550747582491,22.738761239300707,0.0002340830619615306,10.888367799963715,10.883172817047702
1.2454591008927076,0.0011040446180437932,0.00933356871698037,0.0004887672139165749,10.924576652924713,10.883172817047702
1.2454591008927076,0.0011040446180437932,0.018964058278311137,0.0004887672139165749,10.941509685940684,10.883172817047702
1.2454591008927076,0.0011040446180437932,0.03853140393437119,0.0004887672139165749,10.947943036650308,10.883172817047702
1.2454591008927076,0.0011040446180437932,0.07828857448996901,0.0004887672139165749,10.95062921191283,10.883172817047702
1.2454591008927076,0.0011040446180437932,0.15906767648827047,0.0004887672139165749,10.951832571447659,10.883172817047702
1.2454591008927076,0.0011040446180437932,0.32319563701621684,0.0004887672139165749,10.952395790091424,10.883172817047702
1.2454591008927076,0.0011040446180437932,0.6566728206030005,0.0004887672139165749,10.952665921054537,10.883172817047702
1.2454591008927076,0.0011040446180437932,1.334235812400721,0.0004887672139165749,10.952797155352474,10.883172817047702
1.2454591008927076,0.0011040446180437932,2.710916528352625,0.0004887672139165749,10.952861328805762,10.883172817047702
1.2454591008927076,0.0011040446180437932,5.50807312724735,0.0004887672139165749,10.952892812408606,10.883172817047702
1.2454591008927076,0.0011040446180437932,11.191369877235129,0.0004887672139165749,10.952908283134144,10.883172817047702
1.2454591008927076,0.0011040446180437932,22.738761239300707,0.0004887672139165749,10.952915891538309,10.883172817047702
1.2454591008927076,0.002305253560334644,0.00933356871698037,0.001020549660440748,10.926576544136784,10.883172817047702
1.2454591008927076,0.002305253560334644,0.018964058278311137,0.001020549660440748,10.962328650086492,10.883172817047702
1.2454591008927076,0.002305253560334644,0.03853140393437119,0.001020549660440748,10.969619729389423,10.883172817047702
1.2454591008927076,0.002305253560334644,0.07828857448996901,0.001020549660440748,10.970506027606557,10.883172817047702
1.2454591008927076,0.002305253560334644,0.15906767648827047,0.001020549660440748,10.970262473074781,10.883172817047702
1.2454591008927076,0.002305253560334644,0.32319563701621684,0.001020549660440748,10.969974895652737,10.883172817047702
1.2454591008927076,0.002305253560334644,0.6566728206030005,0.001020549660440748,10.969792359466542,10.883172817047702
1.2454591008927076,0.002305253560334644,1.334235812400721,0.001020549660440748,10.969692553002295,10.883172817047702
1.2454591008927076,0.002305253560334644,2.710916528352625,0.001020549660440748,10.969641010096124,10.883172817047702
1.2454591008927076,0.002305253560334644,5.50807312724735,0.001020549660440748,10.96961505512644,10.883172817047702
1.2454591008927076,0.002305253560334644,11.191369877235129,0.001020549660440748,10.969602138658843,10.883172817047702
1.2454591008927076,0.002305253560334644,22.738761239300707,0.001020549660440748,10.969595747028357,10.883172817047702
1.2454591008927076,0.004813386968772636,0.00933356871698037,0.002130915453759342,10.806080807238594,10.883172817047702
1.2454591008927076,0.004813386968772636,0.018964058278311137,0.002130915453759342,10.912066959833409,10.883172817047702
1.2454591008927076,0.004813386968772636,0.03853140393437119,0.002130915453759342,10.915911581865917,10.883172817047702
1.2454591008927076,0.004813386968772636,0.07828857448996901,0.002130915453759342,10.904079625168617,10.883172817047702
1.2454591008927076,0.004813386968772636,0.15906767648827047,0.002130915453759342,10.894682390736795,10.883172817047702
1.2454591008927076,0.004813386968772636,0.32319563701621684,0.002130915453759342,10.889161568305804,10.883172817047702
1.2454591008927076,0.004813386968772636,0.6566728206030005,0.002130915453759342,10.886223798697687,10.883172817047702
1.2454591008927076,0.004813386968772636,1.334235812400721,0.002130915453759342,10.884724051594574,10.883172817047702
1.2454591008927076,0.004813386968772636,2.710916528352625,0.002130915453759342,10.883972821121317,10.883172817047702
1.2454591008927076,0.004813386968772636,5.50807312724735,0.002130915453759342,10.883599908035784,10.883172817047702
1.2454591008927076,0.004813386968772636,11.191369877235129,0.002130915453759342,10.883415600201346,10.883172817047702
1.2454591008927076,0.004813386968772636,22.738761239300707,0.002130915453759342,10.883324702280472,10.883172817047702
1.2454591008927076,0.010050388603580299,0.00933356871698037,0.004449367676149466,10.31592979525061,10.883172817047702
1.2454591008927076,0.010050388603580299,0.018964058278311137,0.004449367676149466,10.746939995693506,10.883172817047702
1.2454591008927076,0.010050388603580299,0.03853140393437119,0.004449367676149466,10.822462883790385,10.883172817047702
1.2454591008927076,0.010050388603580299,0.07828857448996901,0.004449367676149466,10.877718027961095,10.883172817047702
1.2454591008927076,0.010050388603580299,0.15906767648827047,0.004449367676149466,10.897338653157863,10.883172817047702
1.2454591008927076,0.010050388603580299,0.32319563701621684,0.004449367676149466,10.904970311763275,10.883172817047702
1.2454591008927076,0.010050388603580299,0.6566728206030005,0.004449367676149466,10.908212056042457,10.883172817047702
1.2454591008927076,0.010050388603580299,1.334235812400721,0.004449367676149466,10.909680054700036,10.883172817047702
1.2454591008927076,0.010050388603580299,2.710916528352625,0.004449367676149466,10.910371327746997,10.883172817047702
1.2454591008927076,0.010050388603580299,5.50807312724735,0.004449367676149466,10.910703944745269,10.883172817047702
1.2454591008927076,0.010050388603580299,11.191369877235129,0.004449367676149466,10.910865801431033,10.883172817047702
1.2454591008927076,0.010050388603580299,22.738761239300707,0.004449367676149466,10.910945014454727,10.883172817047702
1.2454591008927076,0.020985287852045134,0.018964058278311137,0.009290313551688896,10.240930163793195,10.883172817047702
1.2454591008927076,0.020985287852045134,0.03853140393437119,0.009290313551688896,10.683932720770583,10.883172817047702
1.2454591008927076,0.020985287852045134,0.07828857448996901,0.009290313551688896,10.853604064558589,10.883172817047702
1.2454591008927076,0.020985287852045134,0.15906767648827047,0.009290313551688896,10.899098102323785,10.883172817047702
1.2454591008927076,0.020985287852045134,0.32319563701621684,0.009290313551688896,10.910330977361266,10.883172817047702
1.2454591008927076,0.020985287852045134,0.6566728206030005,0.009290313551688896,10.912906059869615,10.883172817047702
1.2454591008927076,0.020985287852045134,1.334235812400721,0.009290313551688896,10.913427128071794,10.883172817047702
1.2454591008927076,0.020985287852045134,2.710916528352625,0.009290313551688896,10.913499059116294,10.883172817047702
1.2454591008927076,0.020985287852045134,5.50807312724735,0.009290313551688896,10.91348931410405,10.883172817047702
1.2454591008927076,0.020985287852045134,11.191369877235129,0.009290313551688896,10.913473528020727,10.883172817047702
1.2454591008927076,0.020985287852045134,22.738761239300707,0.009290313551688896,10.913463090019313,10.883172817047702
1.2454591008927076,0.04381744065859441,0.03853140393437119,0.01939824536222369,10.115012553757932,10.883172817047702
1.2454591008927076,0.04381744065859441,0.07828857448996901,0.01939824536222369,10.670805344281847,10.883172817047702
1.2454591008927076,0.04381744065859441,0.15906767648827047,0.01939824536222369,10.803096006953632,10.883172817047702
1.2454591008927076,0.04381744065859441,0.32319563701621684,0.01939824536222369,10.81601788934506,10.883172817047702
1.2454591008927076,0.04381744065859441,0.6566728206030005,0.01939824536222369,10.807281388423899,10.883172817047702
1.2454591008927076,0.04381744065859441,1.334235812400721,0.01939824536222369,10.799017820200069,10.883172817047702
1.2454591008927076,0.04381744065859441,2.710916528352625,0.01939824536222369,10.793953395638642,10.883172817047702
1.2454591008927076,0.04381744065859441,5.50807312724735,0.01939824536222369,10.791214783224573,10.883172817047702
1.2454591008927076,0.04381744065859441,11.191369877235129,0.01939824536222369,10.789806782731066,10.883172817047702
1.2454591008927076,0.04381744065859441,22.738761239300707,0.01939824536222369,10.789099175028813,10.883172817047702
2.0209022021457406,0.0005287550747582491,0.00933356871698037,0.00016581920453282822,9.69424295642655,9.635592906753832
2.0209022021457406,0.0005287550747582491,0.018964058278311137,0.00016581920453282822,9.6892556667391,9.635592906753832
2.0209022021457406,0.0005287550747582491,0.03853140393437119,0.00016581920453282822,9.686156364433215,9.635592906753832
2.0209022021457406,0.0005287550747582491,0.07828857448996901,0.00016581920453282822,9.684472293653783,9.635592906753832
2.0209022021457406,0.0005287550747582491,0.15906767648827047,0.00016581920453282822,9.683604695871729,9.635592906753832
2.0209022021457406,0.0005287550747582491,0.32319563701621684,0.00016581920453282822,9.683168258575295,9.635592906753832
2.0209022021457406,0.0005287550747582491,0.6566728206030005,0.00016581920453282822,9.682951173096207,9.635592906753832
2.0209022021457406,0.0005287550747582491,1.334235812400721,0.00016581920453282822,9.682843776425557,9.635592906753832
2.0209022021457406,0.0005287550747582491,2.710916528352625,0.00016581920453282822,9.68279078373579,9.635592906753832
2.0209022021457406,0.0005287550747582491,5.50807312724735,0.00016581920453282822,9.682764669646538,9.635592906753832
2.0209022021457406,0.0005287550747582491,11.191369877235129,0.00016581920453282822,9.682751808238972,9.635592906753832
2.0209022021457406,0.0005287550747582491,22.738761239300707,0.00016581920453282822,9.682745479061188,9.635592906753832
2.0209022021457406,0.0011040446180437932,0.00933356871698037,0.0003462317603598865,9.638833448783888,9.635592906753832
2.0209022021457406,0.0011040446180437932,0.018964058278311137,0.0003462317603598865,9.65520949573043,9.635592906753832
2.0209022021457406,0.0011040446180437932,0.03853140393437119,0.0003462317603598865,9.661940772290846,9.635592906753832
2.0209022021457406,0.0011040446180437932,0.07828857448996901,0.0003462317603598865,9.664915859026495,9.635592906753832
2.0209022021457406,0.0011040446180437932,0.15906767648827047,0.0003462317603598865,9.666296303191613,9.635592906753832
2.0209022021457406,0.0011040446180437932,0.32319563701621684,0.0003462317603598865,9.666955179406097,9.635592906753832
2.0209022021457406,0.0011040446180437932,0.6566728206030005,0.0003462317603598865,9.667274456187245,9.635592906753832
2.0209022021457406,0.0011040446180437932,1.334235812400721,0.0003462317603598865,9.667430379200391,9.635592906753832
2.0209022021457406,0.0011040446180437932,2.710916528352625,0.0003462317603598865,9.667506825537519,9.635592906753832
2.0209022021457406,0.0011040446180437932,5.50807312724735,0.0003462317603598865,9.66754437923786,9.635592906753832
2.0209022021457406,0.0011040446180437932,11.191369877235129,0.0003462317603598865,9.667562844358239,9.635592906753832
2.0209022021457406,0.0011040446180437932,22.738761239300707,0.0003462317603598865,9.667571927938758,9.635592906753832
2.0209022021457406,0.002305253560334644,0.00933356871698037,0.0007229345492257089,9.652184678380436,9.635592906753832
2.0209022021457406,0.002305253560334644,0.018964058278311137,0.0007229345492257089,9.694011950415174,9.635592906753832
2.0209022021457406,0.002305253560334644,0.03853140393437119,0.0007229345492257089,9.70684172497697,9.635592906753832
2.0209022021457406,0.002305253560334644,0.07828857448996901,0.0007229345492257089,9.711105018582613,9.635592906753832
2.0209022021457406,0.002305253560334644,0.15906767648827047,0.0007229345492257089,9.712685108255984,9.635592906753832
2.0209022021457406,0.002305253560334644,0.32319563701621684,0.0007229345492257089,9.713334694243393,9.635592906753832
2.0209022021457406,0.002305253560334644,0.6566728206030005,0.0007229345492257089,9.713623050815189,9.635592906753832
2.0209022021457406,0.002305253560334644,1.334235812400721,0.0007229345492257089,9.713757341986415,9.635592906753832
2.0209022021457406,0.002305253560334644,2.710916528352625,0.0007229345492257089,9.713821583721606,9.635592906753832
2.0209022021457406,0.002305253560334644,5.50807312724735,0.0007229345492257089,9.713852752364522,9.635592906753832
2.0209022021457406,0.002305253560334644,11.191369877235129,0.0007229345492257089,9.713867983816813,9.635592906753832
2.0209022021457406,0.002305253560334644,22.738761239300707,0.0007229345492257089,9.713875454047118,9.635592906753832
2.0209022021457406,0.004813386968772636,0.00933356871698037,0.0015094928377481411,9.558103718526722,9.635592906753832
2.0209022021457406,0.004813386968772636,0.018964058278311137,0.0015094928377481411,9.679657017227525,9.635592906753832
2.0209022021457406,0.004813386968772636,0.03853140393437119,0.0015094928377481411,9.701844120301995,9.635592906753832
2.0209022021457406,0.004813386968772636,0.07828857448996901,0.0015094928377481411,9.701924899274452,9.635592906753832
2.0209022021457406,0.004813386968772636,0.15906767648827047,0.0015094928377481411,9.699121950399327,9.635592906753832
2.0209022021457406,0.004813386968772636,0.32319563701621684,0.0015094928377481411,9.697027343029779,9.635592906753832
2.0209022021457406,0.004813386968772636,0.6566728206030005,0.0015094928377481411,9.695820034842745,9.635592906753832
2.0209022021457406,0.004813386968772636,1.334235812400721,0.0015094928377481411,9.695182719923823,9.635592906753832
2.0209022021457406,0.004813386968772636,2.710916528352625,0.0015094928377481411,9.694858563070948,9.635592906753832
2.0209022021457406,0.004813386968772636,5.50807312724735,0.0015094928377481411,9.694696476153304,9.635592906753832
2.0209022021457406,0.004813386968772636,11.191369877235129,0.0015094928377481411,9.694616084087686,9.635592906753832
2.0209022021457406,0.004813386968772636,22.738761239300707,0.0015094928377481411,9.69457636795939,9.635592906753832
2.0209022021457406,0.010050388603580299,0.00933356871698037,0.003151832527098574,9.123327139690883,9.635592906753832
2.0209022021457406,0.010050388603580299,0.018964058278311137,0.003151832527098574,9.555477636356784,9.635592906753832
2.0209022021457406,0.010050388603580299,0.03853140393437119,0.003151832527098574,9.627168145720148,9.635592906753832
2.0209022021457406,0.010050388603580299,0.07828857448996901,0.003151832527098574,9.612531829422126,9.635592906753832
2.0209022021457406,0.010050388603580299,0.15906767648827047,0.003151832527098574,9.623328693933626,9.635592906753832
2.0209022021457406,0.010050388603580299,0.32319563701621684,0.003151832527098574,9.630535468122801,9.635592906753832
2.0209022021457406,0.010050388603580299,0.6566728206030005,0.003151832527098574,9.633732360401577,9.635592906753832
2.0209022021457406,0.010050388603580299,1.334235812400721,0.003151832527098574,9.635218616174551,9.635592906753832
2.0209022021457406,0.010050388603580299,2.710916528352625,0.003151832527098574,9.635928709267684,9.635592906753832
2.0209022021457406,0.010050388603580299,5.50807312724735,0.003151832527098574,9.63627297884263,9.635592906753832
2.0209022021457406,0.010050388603580299,11.191369877235129,0.003151832527098574,9.636441150408642,9.635592906753832
2.0209022021457406,0.010050388603580299,22.738761239300707,0.003151832527098574,9.636523611974322,9.635592906753832
2.0209022021457406,0.020985287852045134,0.018964058278311137,0.00658105029083555,9.104629411289348,9.635592906753832
2.0209022021457406,0.020985287852045134,0.03853140393437119,0.00658105029083555,9.457037495841817,9.635592906753832
2.0209022021457406,0.020985287852045134,0.07828857448996901,0.00658105029083555,9.599154309358331,9.635592906753832
2.0209022021457406,0.020985287852045134,0.15906767648827047,0.00658105029083555,9.648466881918555,9.635592906753832
2.0209022021457406,0.020985287852045134,0.32319563701621684,0.00658105029083555,9.664489538731553,9.635592906753832
2.0209022021457406,0.020985287852045134,0.6566728206030005,0.00658105029083555,9.67016973866445,9.635592906753832
2.0209022021457406,0.020985287852045134,1.334235812400721,0.00658105029083555,9.672405151936244,9.635592906753832
2.0209022021457406,0.020985287852045134,2.710916528352625,0.00658105029083555,9.67336649717607,9.635592906753832
2.0209022021457406,0.020985287852045134,5.50807312724735,0.00658105029083555,9.673805626226123,9.635592906753832
2.0209022021457406,0.020985287852045134,11.191369877235129,0.00658105029083555,9.674013467513443,9.635592906753832
2.0209022021457406,0.020985287852045134,22.738761239300707,0.00658105029083555,9.674113748550493,9.635592906753832
2.0209022021457406,0.04381744065859441,0.03853140393437119,0.013741283065688774,8.99621059195896,9.635592906753832
2.0209022021457406,0.04381744065859441,0.07828857448996901,0.013741283065688774,9.46201292919589,9.635592906753832
2.0209022021457406,0.04381744065859441,0.15906767648827047,0.013741283065688774,9.607964944615686,9.635592906753832
2.0209022021457406,0.04381744065859441,0.32319563701621684,0.013741283065688774,9.639675781318969,9.635592906753832
2.0209022021457406,0.04381744065859441,0.6566728206030005,0.013741283065688774,9.643483242687013,9.635592906753832
2.0209022021457406,0.04381744065859441,1.334235812400721,0.013741283065688774,9.64223293878257,9.635592906753832
2.0209022021457406,0.04381744065859441,2.710916528352625,0.013741283065688774,9.640828131281275,9.635592906753832
2.0209022021457406,0.04381744065859441,5.50807312724735,0.013741283065688774,9.639941553575369,9.635592906753832
2.0209022021457406,0.04381744065859441,11.191369877235129,0.013741283065688774,9.63945745341609,9.635592906753832
2.0209022021457406,0.04381744065859441,22.738761239300707,0.013741283065688774,9.639207570405045,9.635592906753832
2.0209022021457406,0.09149114939027767,0.07828857448996901,0.02869190356352852,8.929816057432896,9.635592906753832
2.0209022021457406,0.09149114939027767,0.15906767648827047,0.02869190356352852,9.418889990483475,9.635592906753832
2.0209022021457406,0.09149114939027767,0.32319563701621684,0.02869190356352852,9.513447667793818,9.635592906753832
2.0209022021457406,0.09149114939027767,0.6566728206030005,0.02869190356352852,9.505834666515105,9.635592906753832
2.0209022021457406,0.09149114939027767,1.334235812400721,0.02869190356352852,9.486427131940433,9.635592906753832
2.0209022021457406,0.09149114939027767,2.710916528352625,0.02869190356352852,9.484857217318924,9.635592906753832
2.0209022021457406,0.09149114939027767,5.50807312724735,0.02869190356352852,9.487697750374382,9.635592906753832
2.0209022021457406,0.09149114939027767,11.191369877235129,0.02869190356352852,9.48900624081243,9.635592906753832
2.0209022021457406,0.09149114939027767,22.738761239300707,0.02869190356352852,9.489628209882204,9.635592906753832
3.279148795580826,0.0005287550747582491,0.00933356871698037,0.0001090607718668077,9.157988892244248,9.079891021030962
3.279148795580826,0.0005287550747582491,0.018964058278311137,0.0001090607718668077,9.157236076698734,9.079891021030962
3.279148795580826,0.0005287550747582491,0.03853140393437119,0.0001090607718668077,9.156320659811856,9.079891021030962
3.279148795580826,0.0005287550747582491,0.07828857448996901,0.0001090607718668077,9.155735812085423,9.079891021030962
3.279148795580826,0.0005287550747582491,0.15906767648827047,0.0001090607718668077,9.155415124426979,9.079891021030962
3.279148795580826,0.0005287550747582491,0.32319563701621684,0.0001090607718668077,9.155249304129613,9.079891021030962
3.279148795580826,0.0005287550747582491,0.6566728206030005,0.0001090607718668077,9.155165753821057,9.079891021030962
3.279148795580826,0.0005287550747582491,1.334235812400721,0.0001090607718668077,9.155124166347651,9.079891021030962
3.279148795580826,0.0005287550747582491,2.710916528352625,0.0001090607718668077,9.155103582377759,9.079891021030962
3.279148795580826,0.0005287550747582491,5.50807312724735,0.0001090607718668077,9.155093423071547,9.079891021030962
3.279148795580826,0.0005287550747582491,11.191369877235129,0.0001090607718668077,9.155088419020837,9.079891021030962
3.279148795580826,0.0005287550747582491,22.738761239300707,0.0001090607718668077,9.155085955829033,9.079891021030962
3.279148795580826,0.0011040446180437932,0.00933356871698037,0.00022771972122310585,9.100652764088172,9.079891021030962
3.279148795580826,0.0011040446180437932,0.018964058278311137,0.00022771972122310585,9.08626822686453,9.079891021030962
3.279148795580826,0.0011040446180437932,0.03853140393437119,0.00022771972122310585,9.076693473837649,9.079891021030962
3.279148795580826,0.0011040446180437932,0.07828857448996901,0.00022771972122310585,9.079352845283926,9.079891021030962
3.279148795580826,0.0011040446180437932,0.15906767648827047,0.00022771972122310585,9.080601307506065,9.079891021030962
3.279148795580826,0.0011040446180437932,0.32319563701621684,0.00022771972122310585,9.081200927727023,9.079891021030962
3.279148795580826,0.0011040446180437932,0.6566728206030005,0.00022771972122310585,9.081492425754952,9.079891021030962
3.279148795580826,0.0011040446180437932,1.334235812400721,0.00022771972122310585,9.081635015485597,9.079891021030962
3.279148795580826,0.0011040446180437932,2.710916528352625,0.00022771972122310585,9.081704981402208,9.079891021030962
3.279148795580826,0.0011040446180437932,5.50807312724735,0.00022771972122310585,9.08173936533783,9.079891021030962
3.279148795580826,0.0011040446180437932,11.191369877235129,0.00022771972122310585,9.081756273291624,9.079891021030962
3.279148795580826,0.0011040446180437932,22.738761239300707,0.00022771972122310585,9.081764592427275,9.079891021030962
3.279148795580826,0.002305253560334644,0.00933356871698037,0.0004754805100523161,9.068889032547357,9.079891021030962
3.279148795580826,0.002305253560334644,0.018964058278311137,0.0004754805100523161,9.11223494899213,9.079891021030962
3.279148795580826,0.002305253560334644,0.03853140393437119,0.0004754805100523161,9.127462821746265,9.079891021030962
3.279148795580826,0.002305253560334644,0.07828857448996901,0.0004754805100523161,9.133329163541847,9.079891021030962
3.279148795580826,0.002305253560334644,0.15906767648827047,0.0004754805100523161,9.135803349307157,9.079891021030962
3.279148795580826,0.002305253560334644,0.32319563701621684,0.0004754805100523161,9.136918728095674,9.079891021030962
3.279148795580826,0.002305253560334644,0.6566728206030005,0.0004754805100523161,9.137442624370316,9.079891021030962
3.279148795580826,0.002305253560334644,1.334235812400721,0.0004754805100523161,9.137694369947734,9.079891021030962
3.279148795580826,0.002305253560334644,2.710916528352625,0.0004754805100523161,9.137816787855051,9.079891021030962
3.279148795580826,0.002305253560334644,5.50807312724735,0.0004754805100523161,9.137876679805077,9.079891021030962
3.279148795580826,0.002305253560334644,11.191369877235129,0.0004754805100523161,9.137906069032994,9.079891021030962
3.279148795580826,0.002305253560334644,22.738761239300707,0.0004754805100523161,9.137920512473352,9.079891021030962
3.279148795580826,0.004813386968772636,0.00933356871698037,0.00099280692170754,8.985616782017573,9.079891021030962
3.279148795580826,0.004813386968772636,0.018964058278311137,0.00099280692170754,9.115610537887514,9.079891021030962
3.279148795580826,0.004813386968772636,0.03853140393437119,0.00099280692170754,9.148727589749381,9.079891021030962
3.279148795580826,0.004813386968772636,0.07828857448996901,0.00099280692170754,9.156031472974124,9.079891021030962
3.279148795580826,0.004813386968772636,0.15906767648827047,0.00099280692170754,9.157252721337056,9.079891021030962
3.279148795580826,0.004813386968772636,0.32319563701621684,0.00099280692170754,9.157254870913455,9.079891021030962
3.279148795580826,0.004813386968772636,0.6566728206030005,0.00099280692170754,9.157107960488297,9.079891021030962
3.279148795580826,0.004813386968772636,1.334235812400721,0.00099280692170754,9.156999464673326,9.079891021030962
3.279148795580826,0.004813386968772636,2.710916528352625,0.00099280692170754,9.156937258234839,9.079891021030962
3.279148795580826,0.004813386968772636,5.50807312724735,0.00099280692170754,9.156904503075962,9.079891021030962
3.279148795580826,0.004813386968772636,11.191369877235129,0.00099280692170754,9.15688786338221,9.079891021030962
3.279148795580826,0.004813386968772636,22.738761239300707,0.00099280692170754,9.1568795485319,9.079891021030962
3.279148795580826,0.010050388603580299,0.00933356871698037,0.002072988404260672,8.576300378853306,9.079891021030962
3.279148795580826,0.010050388603580299,0.018964058278311137,0.002072988404260672,9.012604730090688,9.079891021030962
3.279148795580826,0.010050388603580299,0.03853140393437119,0.002072988404260672,9.110345532001242,9.079891021030962
3.279148795580826,0.010050388603580299,0.07828857448996901,0.002072988404260672,9.116089726101258,9.079891021030962
3.279148795580826,0.010050388603580299,0.15906767648827047,0.002072988404260672,9.106754057825631,9.079891021030962
3.279148795580826,0.010050388603580299,0.32319563701621684,0.002072988404260672,9.098976250771024,9.079891021030962
3.279148795580826,0.010050388603580299,0.6566728206030005,0.002072988404260672,9.094348564172067,9.079891021030962
3.279148795580826,0.010050388603580299,1.334235812400721,0.002072988404260672,9.091873838375959,9.079891021030962
3.279148795580826,0.010050388603580299,2.710916528352625,0.002072988404260672,9.09060766764922,9.079891021030962
3.279148795580826,0.010050388603580299,5.50807312724735,0.002072988404260672,9.089972778544544,9.079891021030962
3.279148795580826,0.010050388603580299,11.191369877235129,0.002072988404260672,9.089657460596928,9.079891021030962
3.279148795580826,0.010050388603580299,22.738761239300707,0.002072988404260672,9.089501580612652,9.079891021030962
3.279148795580826,0.020985287852045134,0.018964058278311137,0.004328415556177089,8.5855057384142,9.079891021030962
3.279148795580826,0.020985287852045134,0.03853140393437119,0.004328415556177089,8.972251298666853,9.079891021030962
3.279148795580826,0.020985287852045134,0.07828857448996901,0.004328415556177089,9.028529522612716,9.079891021030962
3.279148795580826,0.020985287852045134,0.15906767648827047,0.004328415556177089,9.076944424306282,9.079891021030962
3.279148795580826,0.020985287852045134,0.32319563701621684,0.004328415556177089,9.0944248530324,9.079891021030962
3.279148795580826,0.020985287852045134,0.6566728206030005,0.004328415556177089,9.101311749353375,9.079891021030962
3.279148795580826,0.020985287852045134,1.334235812400721,0.004328415556177089,9.104263010523352,9.079891021030962
3.279148795580826,0.020985287852045134,2.710916528352625,0.004328415556177089,9.105606619209603,9.079891021030962
3.279148795580826,0.020985287852045134,5.50807312724735,0.004328415556177089,9.106241189274535,9.079891021030962
3.279148795580826,0.020985287852045134,11.191369877235129,0.004328415556177089,9.10654699525866,9.079891021030962
3.279148795580826,0.020985287852045134,22.738761239300707,0.004328415556177089,9.106695922142224,9.079891021030962
3.279148795580826,0.04381744065859441,0.03853140393437119,0.009037764605170431,8.534372350396003,9.079891021030962
3.279148795580826,0.04381744065859441,0.07828857448996901,0.009037764605170431,8.910963203089405,9.079891021030962
3.279148795580826,0.04381744065859441,0.15906767648827047,0.009037764605170431,9.062251170875857,9.079891021030962
3.279148795580826,0.04381744065859441,0.32319563701621684,0.009037764605170431,9.10427847677655,9.079891021030962
3.279148795580826,0.04381744065859441,0.6566728206030005,0.009037764605170431,9.115284352443084,9.079891021030962
3.279148795580826,0.04381744065859441,1.334235812400721,0.009037764605170431,9.118119879051903,9.079891021030962
3.279148795580826,0.04381744065859441,2.710916528352625,0.009037764605170431,9.11886083266094,9.079891021030962
3.279148795580826,0.04381744065859441,5.50807312724735,0.009037764605170431,9.119063378013234,9.079891021030962
3.279148795580826,0.04381744065859441,11.191369877235129,0.009037764605170431,9.119123363158069,9.079891021030962
3.279148795580826,0.04381744065859441,22.738761239300707,0.009037764605170431,9.119143217751738,9.079891021030962
3.279148795580826,0.09149114939027767,0.07828857448996901,0.018870921240892406,8.421806596102737,9.079891021030962
3.279148795580826,0.09149114939027767,0.15906767648827047,0.018870921240892406,8.91434406856887,9.079891021030962
3.279148795580826,0.09149114939027767,0.32319563701621684,0.018870921240892406,9.03746131786419,9.079891021030962
3.279148795580826,0.09149114939027767,0.6566728206030005,0.018870921240892406,9.052540801694985,9.079891021030962
3.279148795580826,0.09149114939027767,1.334235812400721,0.018870921240892406,9.0466230131592,9.079891021030962
3.279148795580826,0.09149114939027767,2.710916528352625,0.018870921240892406,9.040186991709644,9.079891021030962
3.279148795580826,0.09149114939027767,5.50807312724735,0.018870921240892406,9.03613029081979,9.079891021030962
3.279148795580826,0.09149114939027767,11.191369877235129,0.018870921240892406,9.03391405809602,9.079891021030962
3.279148795580826,0.09149114939027767,22.738761239300707,0.018870921240892406,9.032769576405277,9.079891021030962
